signal_score,dist_km_from_meriden,lpa,ref,app_type,app_size,app_state,start_date,decided_date,address,description,agent,planit_url,lpa_url,matched_term
17,55.1,Derby,26/00755/DISC,Conditions,Large,Undecided,2026-06-09,,"Land And Former Bonded Warehouse And Engine House Former Friar Gate Goods Yard Friar Gate, Stafford Street And Great Northern Road Derby DE1 1JL","Discharge of condition 11 (Contaminated Land) of previously approved permission 23/01102/FUL - Restoration and Change of Use of the Bonded Warehouse (Use Class E) , Restoration and Change of use of the Engine House (Use Class E) and the erection of up to 280 dwellings (Use Class C3), landscaping, access and cycle provision, sustainable drainage, public and private open space, earthworks, and the partial demolition of existing railway arches",,https://www.planit.org.uk/planapplic/Derby/26/00755/DISC/,https://eplanning.derby.gov.uk/online-applications/applicationDetails.do?keyVal=TGD5D0FSMY000&activeTab=summary,land contamination
15,37.4,South Derbyshire,DMOT/2026/0939,Conditions,Large,Undecided,2026-07-20,,"Land north of Occupation Lane, Woodville, Swadlincote, Derbyshire","Approval of details reserved by condition 8 (contamination), 9 (ground investigation), 14 (site levels), 18 (trees and hedgerows) and 26 (odour assessment) relating to application DMPA/2019/0931 as amended by permission ref. DMPA/2023/0583 (outline application with all matters reserved, except for part access into the site from Moira Road, for the residential development of up to 300 dwellings, a local centre comprising a 1,600sqm food store (Class A1 Use), 700sqm restaurant/fast food (Class A3 Use) and 550sqm pub (Class A4 Use), together with employment land consisting of 2,000sqm Class B1(b) research and development and/or B1(c) light industrial uses, 4,000sqm Class B2 general industrial uses and 8,000sqm Class B8 storage and distribution uses, together with access from the Woodville Regeneration Route (to be delivered by others), and public open space, landscaping and associated drainage infrastructure) for phase 2 of the residential development on",,https://www.planit.org.uk/planapplic/SouthDerbyshire/DMOT/2026/0939/,https://southderbyshire.my.site.com/s/planning-application/a0bP200000E2VKbIAN,land contamination
15,38.7,East Staffordshire,P/2026/00923,Conditions,Large,Undecided,2026-08-26,,LAND SOUTH OF LICHFIELD ROAD BRANSTON,"Details required by condition 5 (remediation scheme) on Plots 11, 12, 13 and 14 of planning permission P/2024/00280 relating to the application under Section 73 to vary Condition 1 (plans) attached to the Reserved Matters application P/2023/00666 for the erection of 100 dwellings including details of appearance, landscaping, layout and scale (Phase 5 - Miller Homes Ltd)",,https://www.planit.org.uk/planapplic/EastStaffordshire/P/2026/00923/,https://eaststaffs-publicportal.statmap.co.uk/horizoNext/publicportal/planningapplications/644224,remediation
15,42.1,West Northamptonshire,2026/3341/COND,Conditions,Medium,Undecided,2026-08-06,,Station Court Station Road Woodford Halse NN11 3RB,"Discharge of Condition 8 (Verification Report) of planning permission 2023/6687/FULL (Demolition of an existing out-dated sheltered housing complex and redevelopment of the site to provide 27no. affordable dwellings within a mixture of semi-detached houses and an apartment block, along with associated landscaping, car parking and a new access road from Station Court. Changing the use class of the site from C2 residential institution to C3 dwelling houses at Station Court Station Road Woodford Halse NN11 3RB).",See source,https://www.planit.org.uk/planapplic/WestNorthamptonshire/2026/3341/COND/,https://wnc.planning-register.co.uk/Planning/Display/2026/3341/COND,verification report
14,5.0,Solihull,PL/2026/01410/DIS,Conditions,Small,Undecided,2026-07-28,,Heron Bank Spencers Lane Berkswell Solihull CV7 7SW,Discharge condition Nos. 4 (Landscaping) and 12 (Parts 5-7)(Contaminated Land) following planning approval PL/2024/02780/PPFL dated 24.02.2025 for Demolition of existing agricultural building and erection of two dwellings (semi-detached) with associated car parking and amenity space.,Lawrence & Finley Architects Limited,https://www.planit.org.uk/planapplic/Solihull/PL/2026/01410/DIS/,https://publicaccess.solihull.gov.uk/online-applications/applicationDetails.do?activeTab=summary&keyVal=TIVW0TOELAW00,land contamination
14,8.8,Solihull,PL/2026/01382/DIS,Conditions,Small,Undecided,2026-07-24,,Jaguar Land Rover Lode Lane Solihull B92 8NW,Discharge of condition 4 (Contaminated Land parts 1 and 2) planning approval PL/2025/01396/PPFL dated 09.04.2026 for Demolition of 1 No. single storey building and associated substation; demolition of 1 No. two storey building; and erection of an extension containing an autoloader.,WSP,https://www.planit.org.uk/planapplic/Solihull/PL/2026/01382/DIS/,https://publicaccess.solihull.gov.uk/online-applications/applicationDetails.do?activeTab=summary&keyVal=TIO3GCOEL7100,land contamination
14,25.4,North Warwickshire,2026/0562/DOC,Conditions,Small,Undecided,2026-07-30,,Newton Close Farm Austrey Lane Newton Regis B79 0NR,Discahrge of condition 10 (Post Remediation Verification Report) of permission PAP/2025/0014 (Proposed demolition of existing equestrian buildings and facilities and erection of 9 dwellings),TWB Town Planning Consultants Ltd,https://www.planit.org.uk/planapplic/NorthWarwickshire/2026/0562/DOC/,https://planning.northwarks.gov.uk/Planning/Display?applicationNumber=2026%2F0562%2FDOC,verification report
14,37.5,East Staffordshire,P/2026/00884,Conditions,Small,Undecided,2026-08-14,,ALPHA ANODIZING AND POLISHING LTD BOND END YOXALL DE13 8NL,Discharge of Condition number 9d (remediation works) and 9e (verification report) of planning permission allowed on appeal APP/B3410/W/23/3332984 relating to demolition of commercial works to facilitate the erection of 8 No. dwellinghouses including landscaping and parking,,https://www.planit.org.uk/planapplic/EastStaffordshire/P/2026/00884/,https://eaststaffs-publicportal.statmap.co.uk/horizoNext/publicportal/planningapplications/644192,verification report
14,45.5,West Northamptonshire,2026/3522/COND,Conditions,Small,Undecided,2026-08-13,,Workshop And Premises East Haddon Road Great Brington NN7 4JF,"Discharge of final part of Condition 10 (Remediation Verification Report) of Planning Permission 2025/5267/S73 [(Variation of condition 2 (approved plans) of planning permission WND/2022/0930 (Demolition of existing commercial buildings and construction of single dwelling) to include garage and workshop] to retain photovoltaic roof panels, external flue, raised eaves and roofs to certain buildings along north side, a new eaves dormer, revised fenestration, and brick outshot to accommodate PV associated plant (retrospective) at Workshop and Premises, East Haddon Road, Great Brington, NN7 4JF)]",See source,https://www.planit.org.uk/planapplic/WestNorthamptonshire/2026/3522/COND/,https://wnc.planning-register.co.uk/Planning/Display/2026/3522/COND,verification report
14,51.7,Derby,26/01101/DISC,Conditions,Small,Undecided,2026-08-19,,Sinfin D Site Rolls Royce Wilmore Road Derby DE24 9BD,"Discharge of conditions 3 (Ground Gas), 4 (Remediation Scheme), 5 (Construction Environmental Management Plan), 6 (Verification Report) and 7 (Remediation) of previously approved application no. 26/00499/FUL - Refurbishment and extensions to the NEST building (number 9016). Demolition of buildings, recladding of building and new roof access, resurfacing and drainage works together with new boundary treatments and associated works",Frank Shaw,https://www.planit.org.uk/planapplic/Derby/26/01101/DISC/,https://eplanning.derby.gov.uk/online-applications/applicationDetails.do?activeTab=summary&keyVal=TK0JYSFSGA400,verification report
14,56.5,West Northamptonshire,2026/2903/COND,Conditions,Small,Undecided,2026-07-10,,19B Manor Road Brackley NN13 6AJ,"11 [Demolition and Construction Management Plan], 12 [Land Contamination: Site Investigation], 13 [Land Contamination: Remedial Scheme], 14 [Land Contamination: Agreement of remedial scheme], 15 [Land Contamination: Verification], 16 [Archaeology], 17 [Stone Sample Panel - Dwelling & Garage], 18 [Stone Sample Panel - Boundary Wall], 19 [Samples of Roofing Materials], 20 [Architectural Detailing] and 21 [Details of Fencing and Gates] for planning permission 2025/2394/FULL -Demolition of existing commercial structures and construction of part two part three storey single dwelling at No. 19B with revised access arrangements, landscaping, enclosure of electricity substation, provision for cycle and bin store. Demolition of existing garages to rear of Nos.17 and 17A and replacement garage/store with private amenity/landscaping.",See source,https://www.planit.org.uk/planapplic/WestNorthamptonshire/2026/2903/COND/,https://wnc.planning-register.co.uk/Planning/Display/2026/2903/COND,materials management plan
14,56.7,West Northamptonshire,2026/2107/COND,Conditions,Small,Undecided,2026-05-11,,Moulton Fire Station Moulton Way Northampton NN3 6XJ,"Discharge of conditions 3 (materials), 6 (demolition and construction management plan), 8 (remediation scheme), 11 (lighting scheme), 14 (security measures), 16 (cycle storage), 17 (travel plan), and 18 (biodiversity net gain plan) of planning permission 2025/1288/MAF (Demolition of Moulton Fire Station, associated structures and two storey standalone building. Repair existing on site fire training tower and smoke house training facility. Construction of 3 storey Fire Station and an associated storage building with vehicle canopy, with associated vehicle parking, and hard and soft landscaping and alterations to the existing vehicles accesses.)",See source,https://www.planit.org.uk/planapplic/WestNorthamptonshire/2026/2107/COND/,https://wnc.planning-register.co.uk/Planning/Display/2026/2107/COND,materials management plan
14,84.2,South Oxfordshire,P26/S2753/DIS,Conditions,Large,Permitted,2026-07-06,2026-09-04,Land at Oxford Brookes University Wheatley Campus Waterperry Road Holton OX33 1HX,"Discharge of Conditions 7(Construction Method Statement incorporating CTMP) of P17/S4254/O Outline planning application, with all matters reserved for subsequent approval except details of vehicular access, for demolition of all existing structures and redevelopment of the site with up to 500 dwellings and associated works including; engineering operations, including site clearance, remediation, remodelling and deposition of inert fill material arising from demolition on site; installation of new and modification of existing services and utilities; construction of foul and surface water drainage systems, including SuDS; creation of noise mitigation bund and fencing; creation of public open space, leisure, sport and recreation facilities including equipped play areas; ecological mitigation works; construction of a building for community/sport use and associated car parking; construction of internal estate roads, private drives and other highways infrastructure and construction of pedestrian footpaths",Savills UK,https://www.planit.org.uk/planapplic/SouthOxfordshire/P26/S2753/DIS/,https://southoxfordshire.planning-register.co.uk/Planning/Display?applicationNumber=P26%2FS2753%2FDIS,remediation
13,28.1,Rugby,R26/0680,Conditions,Medium,Undecided,2026-07-13,,"Site Of Former Inwoods House, Ashlawn Road, Dunchurch","Details of conditions 8 (Water Design), 17 (drainage verification report) 18 (storm verification report & mantenance plan) and 27 (visibility splays) of R23/0491. (Proposed construction of 25 no. residential dwellings)",See source,https://www.planit.org.uk/planapplic/Rugby/R26/0680/,https://planning.agileapplications.co.uk/rugby/application-details/42390,verification report
13,34.1,Dudley,P25/1523/C1,Conditions,Medium,Undecided,2026-05-19,,"4, NEW STREET, LOWER GORNAL, DUDLEY, DY3 2UF","Discharge of Condition 3 (Materials), 5 (Foul and Surface Water Drainage), 8 (Bird Boxes and Hedgehog Passes), 9 (Self-Build Details), 11 (Ground Gases or Vapours), 13 (Site Investigations) & 14 (Site Investigation Remedial Works)",See source,https://www.planit.org.uk/planapplic/Dudley/P25/1523/C1/,https://planning.agileapplications.co.uk/dudley/application-details/77016,ground investigation
13,38.0,East Staffordshire,P/2026/00820,Conditions,Large,Permitted,2026-07-22,2026-07-31,BRANSTON LEAS (PHASE 5) LAND SOUTH OF LICHFIELD ROAD BRANSTON,"Details required by condition 5 (remediation scheme) of planning permission P/2024/00280 relating to application under Section 73 to vary Condition 1 (Plans) attached to the Reserved Matters application P/2023/00666 for the erection of 100 dwellings including details of appearance, landscaping, layout and scale to amend the discrepancies to the approved drawing list.",,https://www.planit.org.uk/planapplic/EastStaffordshire/P/2026/00820/,https://eaststaffs-publicportal.statmap.co.uk/horizoNext/publicportal/planningapplications/644098,remediation
13,41.5,East Staffordshire,P/2026/00707,Conditions,Large,Permitted,2026-06-19,2026-07-08,LAND SOUTH OF LICHFIELD ROAD BURTON-UPON-TRENT BRANSTON,"Details required by condition number 5 (Contaminated Land) (Miller Homes Ltd, Phase 5 - Plots 85 - 88 ) of planning permission P/2024/00280 relating to the application under Section 73 to vary Condition 1 (Plans) attached to the Reserved Matters application P/2023/00666 for the erection of 100 dwellings including details of appearance, landscaping, layout and scale",,https://www.planit.org.uk/planapplic/EastStaffordshire/P/2026/00707/,https://eaststaffs-publicportal.statmap.co.uk/horizoNext/publicportal/planningapplications/643965,land contamination
13,78.7,North East Derbyshire,26/00546/DISCON,Conditions,Small,Undecided,2026-07-14,,9 Birkinstyle Lane Shirland Alfreton DE55 6BS,"Application to discharge conditions 7, 8, 9 (Phase 1 Contaminated Land Report), 11 (Landscape) and 12 (Demolition Method) pursuant to planning application 25/00885/FL",See source,https://www.planit.org.uk/planapplic/NorthEastDerbyshire/26/00546/DISCON/,https://planapps-online.ne-derbyshire.gov.uk/online-applications/applicationDetails.do?keyVal=TI5KW3LIIQG00&activeTab=summary,land contamination
13,79.4,Oxford,26/01864/VAR,Conditions,Small,Undecided,2026-07-31,,52 - 54 Banbury Road Oxford Oxfordshire,"Variation of condition 4 (Materials including sample panels) of planning permission 23/02908/LBC (Refurbishment and alteration to Wycliffe Hall, including; demolition of existing dining hall, entrance and other structures. Erection of new dining hall and erection of new porters lodge. Installation of new lift and atrium, internal layout changes including loss of 12no. student bedrooms, insertion of secondary glazing, removal of asbestos, external fabric repairs, upgraded fire escape, new opening and rebuilding of boundary wall, installation of railings, new landscaping, remodelling of footpaths, play area, provision of car parking, cycle stores and external storage and associated works.) to allow samples of materials to be provided prior to the commencement of the relevant works rather than all materials for the proposed development being provided prior to commencement.",See source,https://www.planit.org.uk/planapplic/Oxford/26/01864/VAR/,https://public.oxford.gov.uk/online-applications/applicationDetails.do?keyVal=TJ1R9YMFG5F00&activeTab=summary,asbestos
13,104.9,Luton,26/00603/DOC,Conditions,Large,Withdrawn,2026-06-08,2026-07-10,36 - 38 Crescent Road Luton LU2 0AH,"Erection of 90 dwellings consisting of (14 x 1-bed, 60 x 2-bed and 10 x 3-beds) flats within 4 and 7 storey building and (6 x 4 beds) within 3 storey houses with associated car parking, landscaping and amenity spaces after demolition of existing buildings. - Resubmission. Discharge of conditions15 (Site Investigation Report), 21 (Ground Investigation/Risk Assessment) and 27 (Aboricultural Method Statement) of Planning permission 21/00731/FUL dated 30 June 2023.",See source,https://www.planit.org.uk/planapplic/Luton/26/00603/DOC/,https://planning.luton.gov.uk/online-applications/applicationDetails.do?keyVal=TGBGV9KGHFI00&activeTab=summary,ground investigation
12,5.1,Solihull,PL/2026/01422/DIS,Conditions,Small,Undecided,2026-07-30,,Heron Bank Spencers Lane Berkswell Solihull CV7 7SW,Discharge condition Nos. 3 (Parts 4-6) (Contaminated Land) and 5 (Cycle Storage) following planning approval PL/2024/02506/PNCUDW dated 19.12.2024 for Prior notification for a change of use from agricultural building to 5 No. dwellings.,Lawrence & Finley Architects Limited,https://www.planit.org.uk/planapplic/Solihull/PL/2026/01422/DIS/,https://publicaccess.solihull.gov.uk/online-applications/applicationDetails.do?activeTab=summary&keyVal=TIZD1LOELC800,land contamination
12,7.1,Coventry,PL/2026/0001052/DCA,Conditions,,,2026-06-16,,"Coundon Court School And Community College Northbrook Road, Coventry, CV6 2AJ","Submission of details to discharge condition Nos. 6 (restoration works) and 17 (soil remediation strategy); imposed on planning permission reference FMP/2021/3789 granted on 18/07/2022 for demolition of six existing school buildings and erection of three new buildings for teaching and educational purposes (Use Class F1); changes to internal circulation routes, site drainage, landscaping and parking provisions together with a temporary haul road, sports and temporary classrooms for use over the construction period.",,https://www.planit.org.uk/planapplic/Coventry/PL/2026/0001052/DCA/,https://planandregulatory.coventry.gov.uk/planning/index.html?fa=getApplication&id=276062,remediation
12,9.1,Solihull,PL/2026/01052/DIS,Conditions,Small,Undecided,2026-06-02,,Mell Square Solihull,Discharge condition No. 7 (Land Contamination (Full - Phase 1) - part discharge of part 3 and 4 following planning approval PL/2025/00547/MAJFDW.,Turley,https://www.planit.org.uk/planapplic/Solihull/PL/2026/01052/DIS/,https://publicaccess.solihull.gov.uk/online-applications/applicationDetails.do?activeTab=summary&keyVal=TG0F34OEK3100,land contamination
12,9.3,North Warwickshire,2026/0462/DOC,Conditions,Small,Permitted,2026-06-17,2026-08-18,Thistle Hollow Gun Hill Arley CV7 8HA,"Discharge of condition 20 (Post remediation verification report) for application PAP/2024/0215 (PAP/2023/0345) (Demolition of existing light industrial building and erection of 2no. detached dwellings, gate pillars and gates and associated works)",See source,https://www.planit.org.uk/planapplic/NorthWarwickshire/2026/0462/DOC/,https://planning.northwarks.gov.uk/Planning/Display?applicationNumber=2026%2F0462%2FDOC,verification report
12,13.0,Birmingham,2026/04291/PA,Conditions,Small,Undecided,2026-07-21,,"School House, Dreghorn Road, Birmingham, B36 8LL",Application to determine the details for condition number 13. (contamination remediation scheme) attached to planning application 2023/03042/PA.,See source,https://www.planit.org.uk/planapplic/Birmingham/2026/04291/PA/,https://planning.birmingham.gov.uk/NECSWS/ES/Presentation/Planning/OnlinePlanning/OnlinePlanningOverview?applicationNumber=2026%2F04291%2FPA,remediation
12,14.3,Warwick,DOC/26/0028,Conditions,Small,Undecided,2026-06-09,,"Abbey Park, Stareton Lane, Stoneleigh, Kenilworth, CV8 2LY","Application for Dicharge of Conditions 3 (Contaminated Land), 4 (Construction Management Plan), 8 (Arboricultural Method Statement), 13 (Hard and Soft Landscaping) and Note 1 (Biodiversity Gain Plan) of Planning Permission W/25/0446",Gino Lombardo Associates Ltd,https://www.planit.org.uk/planapplic/Warwick/DOC/26/0028/,https://planningdocuments.warwickdc.gov.uk/online-applications/applicationDetails.do?activeTab=summary&keyVal=_WARWI_DCAPR_100164,land contamination
12,16.2,Birmingham,2026/02924/PA,Conditions,Small,Undecided,2026-05-28,,Kingsmere 18 Gravelly Hill North Birmingham B23 6BQ,Application to determine the details for condition number (4-Submission and approval of building & site level details 5-Submission of earthworks details 13 -Submission of a contamination remediation scheme 14- Submission of a contaminated land verification report 16 - Submission of a sustainable drainage scheme 19 - Submission of an additional bat survey 20 -Submission of a scheme for ecological/biodiversity/enhancement measures) attached to reference number 2025/03137/PA,See source,https://www.planit.org.uk/planapplic/Birmingham/2026/02924/PA/,https://planning.birmingham.gov.uk/NECSWS/ES/Presentation/Planning/OnlinePlanning/OnlinePlanningOverview?applicationNumber=2026%2F02924%2FPA,verification report
12,16.4,Birmingham,2026/03378/PA,Conditions,Small,Undecided,2026-06-23,,"122 - 126 Moseley Street, Birmingham, B12 0RY",Application to determine the details for condition number 2 (materials) 3 (cycle storage) 4 (S278/TRO Agreement) 5 (verification report) 6 (ecological/biodiversity/enhancement) 10 (ventilation scheme) 11 (internal noise validation report) attached 2024/06243/PA,See source,https://www.planit.org.uk/planapplic/Birmingham/2026/03378/PA/,https://planning.birmingham.gov.uk/NECSWS/ES/Presentation/Planning/OnlinePlanning/OnlinePlanningOverview?applicationNumber=2026%2F03378%2FPA,verification report
12,17.5,Birmingham,2026/03397/PA,Conditions,Small,Undecided,2026-06-22,,"Site bound by Gooch Street North, Kent Street and Lower Essex Street Birmingham",Discharge of condition 5 (contamination remediation scheme) of consent 2021/05399/PA,See source,https://www.planit.org.uk/planapplic/Birmingham/2026/03397/PA/,https://planning.birmingham.gov.uk/NECSWS/ES/Presentation/Planning/OnlinePlanning/OnlinePlanningOverview?applicationNumber=2026%2F03397%2FPA,remediation
12,17.6,Birmingham,2026/02564/PA,Conditions,Small,Undecided,2026-05-11,,274 Lindridge Road Land at side of Sutton Trinity Sutton Coldfield Birmingham B75 7HU,"Application to determine the details for conditions 1 (contamination remediation scheme), 2 (contaminated land verification report), 6 (hard and/or soft landscape details), 7 (hard surfacing materials), 8 (building & site level details) and 10 (details of bird/bat boxes) attached to planning approval 2024/06929/PA",,https://www.planit.org.uk/planapplic/Birmingham/2026/02564/PA/,https://planning.birmingham.gov.uk/NECSWS/ES/Presentation/Planning/OnlinePlanning/OnlinePlanningOverview?applicationNumber=2026%2F02564%2FPA,verification report
12,18.2,Birmingham,2026/02716/PA,Conditions,Small,Undecided,2026-05-18,,Former Royal Works Coleshill Street Sutton Coldfield Birmingham,Application to determine the details for condition number 24 (contaminated land verification report) attached to planning approval 2022/00861/PA,See source,https://www.planit.org.uk/planapplic/Birmingham/2026/02716/PA/,https://planning.birmingham.gov.uk/NECSWS/ES/Presentation/Planning/OnlinePlanning/OnlinePlanningOverview?applicationNumber=2026%2F02716%2FPA,verification report
12,18.5,Birmingham,2026/03863/PA,Conditions,Small,Undecided,2026-07-08,,"Kings Norton Household Waste Recycling Centre, Ebury Road, Birmingham, B30 3JJ",Application to determine the details for condition number (9-Contaminated land verification report) attached to reference number 2023/00552/PA,,https://www.planit.org.uk/planapplic/Birmingham/2026/03863/PA/,https://planning.birmingham.gov.uk/NECSWS/ES/Presentation/Planning/OnlinePlanning/OnlinePlanningOverview?applicationNumber=2026%2F03863%2FPA,verification report
12,18.5,Hinckley and Bosworth,26/00592/DISCON,Conditions,Small,Undecided,2026-06-25,,New Rookery Farm 6 Church Lane Fenny Drayton Nuneaton Warwickshire CV13 6BA,"Application to discharge conditions 5 (Land Contamination), 8 (Archaeology), 16 (Tree Protection Plan), 17 (Arboricultural Monitoring) and 18 (no-dig drive construction method statement) from planning permission 21/00402/OUT",Henderson Planning & Design Ltd,https://www.planit.org.uk/planapplic/Hinckley/26/00592/DISCON/,https://pa.hinckley-bosworth.gov.uk/online-applications/applicationDetails.do?activeTab=summary&keyVal=TH71YTIIFHA00,land contamination
12,18.6,Birmingham,2026/03375/PA,Conditions,Small,Undecided,2026-06-24,,1614 Pershore Road Bournville Birmingham B30 2NH,"Application to determine the details for condition number (1- Approved Plans, 2- Implement within 3 years, 3- External Materials, 4- Hard/Soft Landscape, 5- Hard Surface Materials, 6-Boundary Treatment, 7- Ecology Enhancement, 8-Bird/Bat Boxes, 9- Precautionary working method statement, 10- Contamination Remediation, 11- Contaminated Land, 12- Noise Insulation, 13-Construction Method Statement, 14- Cycle Storage, 15- Lighting Scheme ) attached to reference number 2023/05470/PA",See source,https://www.planit.org.uk/planapplic/Birmingham/2026/03375/PA/,https://planning.birmingham.gov.uk/NECSWS/ES/Presentation/Planning/OnlinePlanning/OnlinePlanningOverview?applicationNumber=2026%2F03375%2FPA,land contamination
12,18.8,Birmingham,2026/02866/PA,Conditions,Small,Undecided,2026-05-26,,Adjacent 18 Moor Lane Birmingham B6 7AE,Application to determine the details for condition number 8 (contamination remediation scheme) and condition 9 (contaminated land verification report) attached to planning permission 2018/05767/PA,See source,https://www.planit.org.uk/planapplic/Birmingham/2026/02866/PA/,https://planning.birmingham.gov.uk/NECSWS/ES/Presentation/Planning/OnlinePlanning/OnlinePlanningOverview?applicationNumber=2026%2F02866%2FPA,verification report
12,19.5,Warwick,DOC/26/0036,Conditions,Small,Undecided,2026-07-29,,"Land to the East of Stratford Road, Longbridge, Warwick, CV34 6XU","Application to Discharge of Condition 7 part (1)(B) (Contaminated Land), 8 (External Lighting Scheme - protected speices), 13 (Surface water drainage), 21 (Noise mitagation measures), 31 (Acoustic fencing), 35 (External Lighting Scheme - amenity) for planning application W/22/1077.",Delta Planning,https://www.planit.org.uk/planapplic/Warwick/DOC/26/0036/,https://planningdocuments.warwickdc.gov.uk/online-applications/applicationDetails.do?activeTab=summary&keyVal=_WARWI_DCAPR_100517,land contamination
12,19.6,Birmingham,2026/03887/PA,Conditions,Small,Undecided,2026-07-09,,Port Loop 3D Rotton Park Street (land opposite) Ladywood Birmingham B16 0AE,Application to determine the details for condition number (18- Digital Infrastructure 22- Design of canal towpaths 24- Submission of hard and/or soft landscape details 26- Submission of hard surfacing materials 25- Submission of a landscape management plan 27- Submission of boundary treatment details 33- Submission of a lighting scheme 35-Submission of a contamination remediation scheme 40- Submission of piling/boreholes details 55- Submission of a scheme for ecological/biodiversity/enhancement measures 56-Submission of a construction ecological mitigation plan Submission of a goods delivery strategy 58-Submission and completion of works for the S278/TRO Agreement 60-Submission of a parking management strategy 65- Access for the Disabled) attached to reference number 2022/00690/PA.,,https://www.planit.org.uk/planapplic/Birmingham/2026/03887/PA/,https://planning.birmingham.gov.uk/NECSWS/ES/Presentation/Planning/OnlinePlanning/OnlinePlanningOverview?applicationNumber=2026%2F03887%2FPA,materials management plan
12,19.6,North Warwickshire,2026/0384/DOC,Conditions,Small,Undecided,2026-05-14,,The Farmhouse Priory Farm Drive Alvecote B78 1FG,Discharge of condition 6 (Drainage Verification Report) of permission PAP/2023/0520 (Erection of 9 dwellings),Pineapple Homes Limited,https://www.planit.org.uk/planapplic/NorthWarwickshire/2026/0384/DOC/,https://planning.northwarks.gov.uk/Planning/Display?applicationNumber=2026%2F0384%2FDOC,verification report
12,19.8,Birmingham,2026/03328/PA,Conditions,Small,Undecided,2026-06-19,,Selly Oak Trust School Oak Tree Lane Selly Oak Birmingham B29 6HZ,Application to determine the details for condition number (5- Submission of a contamination remediation scheme) attached to reference number 2025/01179/PA,See source,https://www.planit.org.uk/planapplic/Birmingham/2026/03328/PA/,https://planning.birmingham.gov.uk/NECSWS/ES/Presentation/Planning/OnlinePlanning/OnlinePlanningOverview?applicationNumber=2026%2F03328%2FPA,remediation
12,20.5,Warwick,DOC/26/0038,Conditions,Small,Undecided,2026-07-30,,"Land to the South of Offchurch Lane, Radford Semele, CV31 1TN",Application for Discharge of Condition 18 (Contaminated Land) for planning application W/16/0196,,https://www.planit.org.uk/planapplic/Warwick/DOC/26/0038/,https://planningdocuments.warwickdc.gov.uk/online-applications/applicationDetails.do?activeTab=summary&keyVal=_WARWI_DCAPR_100519,land contamination
12,20.7,Birmingham,2026/03149/PA,Conditions,Small,Undecided,2026-06-12,,"Police Station, 53 Rose Road, Birmingham, B17 9LL",Application to determine the details for condition number 4 (contamination remediation) 10 (ecological mitigation plan) 12 (ecological/biodiversity/enhancement measures) 16 (external materials and architectural treatment) 17 (hard and soft landscape) 18 (boundary treatment) 19 (lighting scheme) 20 (landscape and ecology management plan) attached to approval 2025/04325/PA,,https://www.planit.org.uk/planapplic/Birmingham/2026/03149/PA/,https://planning.birmingham.gov.uk/NECSWS/ES/Presentation/Planning/OnlinePlanning/OnlinePlanningOverview?applicationNumber=2026%2F03149%2FPA,materials management plan
12,20.8,Birmingham,2026/02972/PA,Conditions,Small,Undecided,2026-06-01,,Land adjacent 5 Canning Gardens Birmingham B18 4DZ,Application to determine the details for condition number 8. (contamination remediation scheme) and condition 9. (contaminated land verification report) attached to planning application 2023/02479/PA,See source,https://www.planit.org.uk/planapplic/Birmingham/2026/02972/PA/,https://planning.birmingham.gov.uk/NECSWS/ES/Presentation/Planning/OnlinePlanning/OnlinePlanningOverview?applicationNumber=2026%2F02972%2FPA,verification report
12,21.9,Birmingham,2026/03452/PA,Conditions,Small,Undecided,2026-06-24,,Northfield Shopping Centre Bristol Road South Weoley Birmingham B31 2JU,Application to determine the details of condition number (3- Contamination remediation scheme 4- Contaminated land verification report 21- Submission of a lighting scheme) attached to planning appeal APP/P4605/W/25/3367570,See source,https://www.planit.org.uk/planapplic/Birmingham/2026/03452/PA/,https://planning.birmingham.gov.uk/NECSWS/ES/Presentation/Planning/OnlinePlanning/OnlinePlanningOverview?applicationNumber=2026%2F03452%2FPA,verification report
12,21.9,Hinckley and Bosworth,26/00486/DISCON,Conditions,Small,Undecided,2026-05-28,,Mulberry Farm High Street Stoke Golding Nuneaton Leicestershire CV13 6HF,"Application to discharge conditions 3 (materials), 4 (badger report), 5. (BEMP), 6 (traffic management plan), 10 (electric vehicle charging), 11 (surface water drainage), 12 (surface water drainage construction) 14 (Infiltration Testing), 15 (waste), 16 (land contamination), 18 (noise and odour scheme), 19 (CEMP), 20 (landscape and boundary treatment), 21 (archaeological mitigation plan (AMP), 23 (external lighting), 24 (bicycle storage) attached to planning permission 22/00661/FUL",Hayward Architects,https://www.planit.org.uk/planapplic/Hinckley/26/00486/DISCON/,https://pa.hinckley-bosworth.gov.uk/online-applications/applicationDetails.do?activeTab=summary&keyVal=TFR79PIIL7400,materials management plan
12,24.9,Birmingham,2026/03370/PA,Conditions,Small,Undecided,2026-06-24,,"Park House, Car Park Bristol Road South Longbridge Birmingham B45 9AH",Application to determine the details for condition number 4 (arboricultural method statement) 8 (contaminated land) attached to approval 2025/03257/PA,See source,https://www.planit.org.uk/planapplic/Birmingham/2026/03370/PA/,https://planning.birmingham.gov.uk/NECSWS/ES/Presentation/Planning/OnlinePlanning/OnlinePlanningOverview?applicationNumber=2026%2F03370%2FPA,land contamination
12,26.8,Rugby,R26/0782,Conditions,Small,Undecided,2026-08-17,,"Elliots Field Shopping Park, LEICESTER ROAD, RUGBY","Details of conditions 5 (Air Quality), 6 (CMP) and 7(part a) (Contaminated Land) of R25/0601. (Variation of condition(s) 2 - Plans, 4 - Landscaping and 12 - Parking - attached to R22/0286 - Erection of a drive-thru retail unit (flexible Class E(b) / Sui Generis Use) and associated alterations to the car park)",See source,https://www.planit.org.uk/planapplic/Rugby/R26/0782/,https://planning.agileapplications.co.uk/rugby/application-details/42509,land contamination
12,27.7,Rugby,R26/0568,Conditions,Small,Undecided,2026-06-08,,"Unit 2, 2 , Central Park Drive, Rugby, CV23 0WE","Details of conditions 12 (HMMP), 15 (Drainage Verification Report), 16 (Drainage Maintenance) of R24/0606 - Erection of a single commercial building comprising flexible B2 (general industrial), B8 (storage & distribution), and E(g)(iii) (light industrial) floorspace with ancillary offices, car parking, yard space, landscape planting and other associated works",See source,https://www.planit.org.uk/planapplic/Rugby/R26/0568/,https://planning.agileapplications.co.uk/rugby/application-details/42273,verification report
12,32.0,Dudley,P24/0883/C3,Conditions,Small,Undecided,2026-06-15,,"204, Thorns Road, Brierley Hill, DY5 2JY","Discharge of Conditions: 8 (Land stability verification), 11 (Contaminated land verification), 14 (Ground gases or vapours verification), 17 (Boundary treatment) and 18 (Landscape Strategy)",See source,https://www.planit.org.uk/planapplic/Dudley/P24/0883/C3/,https://planning.agileapplications.co.uk/dudley/application-details/77136,land contamination
12,33.2,Dudley,P24/0573/C1,Conditions,Small,Undecided,2026-08-05,,"Land adj 12 Charnwood Close, Brierley Hill, DY5 3UE","Discharge of Condition: 3 (Soft Landscaping), Condition 4 (Access, Turning Areas and Parking), Condition 5 (BNG Self Build Details), Condition 7 (Hard and Paved Surfaces), Condition 9 (Materials), Condition 13 (Coal Mining Risk Assessment), Condition 15 (Contaminated Land Risk Assessment), Condition 16 (Contaminated Land Risk Mitigation), Condition 18 (Ground Gas and Vapours Risk Assessment), Condition 19 (Ground Gas and Vapours Risk Mitigation), Condition 21 (Tree Protection Measures).",See source,https://www.planit.org.uk/planapplic/Dudley/P24/0573/C1/,https://planning.agileapplications.co.uk/dudley/application-details/77481,land contamination
12,34.0,Cannock Chase,CH/24/286/B,Conditions,Small,Undecided,2026-06-02,,"Former Norton Aluminium Site, Norton Green Lane, Norton Canes, Cannock, Staffordshire, WS11 9PS","Application to discharge condition no.s 6 (Habitat Management and Monitoring Plan), 11 (Lighting Plan) and 15 (Land Contamination) of planning permission CH/24/286",,https://www.planit.org.uk/planapplic/CannockChase/CH/24/286/B/,https://planning.agileapplications.co.uk/cannock/application-details/28405,land contamination
12,38.3,South Derbyshire,DMOT/2026/0981,Conditions,Small,Undecided,2026-07-27,,"Land at Darklands Road, Swadlincote, DE11 0PQ","Approval of details required by condition 12 (remediation) of permission ref. DMPA/2025/0793 relating to Construction of Costa Coffee retail unit (Use Class E (a) and (b)) and drive thru (Sui Generis) and EV vehicle charging station with associated, parking, infrastructure and landscaping works on",,https://www.planit.org.uk/planapplic/SouthDerbyshire/DMOT/2026/0981/,https://southderbyshire.my.site.com/s/planning-application/a0bP200000ERsSTIA1,remediation
12,38.9,Wychavon,W/26/01517/CCO,Conditions,Small,Undecided,2026-07-01,,Site 26 Egghill Berry Hill Industrial Estate Droitwich Spa WR9 9AW,"Discharge of conditions 3(Site access),4(Contaminated land),5(CEMP:Biodiversity),6(Drainage design),7(Onsite drainage),8(Infiltration testing),9(Surface water management plan),10(Severn Trent approval),13(SUDs/surface water) and 14 (Renewable energy) of planning permission W/26/00347/FUL.",See source,https://www.planit.org.uk/planapplic/Wychavon/W/26/01517/CCO/,https://plan.wychavon.gov.uk/Planning/Display/W/26/01517/CCO,land contamination
12,40.2,Harborough,26/00894/PCD,Conditions,Small,Undecided,2026-06-22,,Hill House Welford NORTHAMPTON Northamptonshire NN6 6JQ,"Discharge of Conditions 4 (Risk Based Land Contamination Assessment), 9 (Barn Owl Method Statement) and 10 (Biodiversity Enhancement Layout) of 26/00092/FUL",See source,https://www.planit.org.uk/planapplic/Harborough/26/00894/PCD/,https://pa2.harborough.gov.uk/online-applications/applicationDetails.do?keyVal=TH1J6KHWGYC00&activeTab=summary,land contamination
12,40.4,Wychavon,W/26/01394/CCO,Conditions,Small,Undecided,2026-06-16,,Land At (Os 0569 4604) Three Cocks Lane Offenham,"Discharge of Conditions 4 (ditch remediation and maintenance), 5 (ecological mitigation, compensation and enhancement scheme), 6 (habitat management and monitoring plan), 7 (lighting design strategy), 8 (construction surface water management plan), 12 (landscape and ecological management plan), 13 (scheme of landscaping) and 16 (external surface materials) of planning permission W/24/02258/FUL",See source,https://www.planit.org.uk/planapplic/Wychavon/W/26/01394/CCO/,https://plan.wychavon.gov.uk/Planning/Display/W/26/01394/CCO,materials management plan
12,40.8,South Staffordshire,21/01329/COND,Conditions,Small,Undecided,2026-08-20,,Land North Of Wobaston Road Pendeford,"Discharge of conditions from approval 21/01329/VAR - Condition 3 (Landscape Scheme), 4 (External Lighting), 14 (Construction Environmental Management Plan), 15 (Surface Water Drainage, 16 (Foul Water Drainage), 17 (Remediation Strategy), 18 (Construction Management Plan), 19 (Construction Traffic Management Plan), 20 (Site Fencing), 23 (Noise and Dust Scheme) and 25 (Sustainability)",See source,https://www.planit.org.uk/planapplic/SouthStaffordshire/21/01329/COND/,https://planning.sstaffs.gov.uk/online-applications/applicationDetails.do?activeTab=summary&keyVal=TK250GOXIAB00,remediation
12,41.0,East Staffordshire,P/2026/00538,Conditions,Small,Undecided,2026-05-15,,LAND ADJACENT TO B&Q WELLINGTON ROAD BURTON ON TRENT DE14 2AP,"Details required by condition 24 (contaminated land) of planning permission P/2025/00297 relating to a mixed-use development comprising a single restaurant with drive-thru lane (Class E), 6no. retail units (Use Class E(a)) (food and non-food), 1no. leisure unit (Use Class E(d)), 1no. Community Training Centre (Use Class F1(a)) with associated sports pitch (Use Class F2(c)) and vegetable garden with associated access, car parking, bin and cycle storage and landscaping.",Maplevale Planning,https://www.planit.org.uk/planapplic/EastStaffordshire/P/2026/00538/,https://eaststaffs-publicportal.statmap.co.uk/horizoNext/publicportal/planningapplications/643823,land contamination
12,41.9,North West Leicestershire,26/00793/DIS,Conditions,Small,Undecided,2026-06-18,,The Warren 6 Chapel Lane Osgathorpe Loughborough Leicestershire LE12 9SX,"The approval of details reserved by conditions 3 (Risk Based Land Contamination Assessment), 4 (Verification Investigation) and 9 (Archaeological Evaluation) relating to planning permission ref: 20/01908/VCU",Lawrence & Finley Architects Limited,https://www.planit.org.uk/planapplic/NorthWestLeicestershire/26/00793/DIS/,https://plans.nwleics.gov.uk/public-access/applicationDetails.do?activeTab=summary&keyVal=TGTFIJLRMHJ00,land contamination
12,42.3,East Staffordshire,P/2026/00887,Conditions,Small,Undecided,2026-05-20,,THE OAKLANDS BRAKENHURST ROAD NEWCHURCH DE13 8RQ,"Discharge of condition numbers 3 (materials), 4 (proposed boundary treatments), 6 (contaminated land assessment and remedial strategy), 7 (investigation and recording of proposed construction scheme), 8 (Licence from Natural England) and 9 (lighting scheme) of planning permission P/2025/01157 relating to change of use of land to garden land, conversion and alterations to existing agricultural building to form a self build dwelling with integral annexe, new design replacement roof, increase in eaves height on rear elevation, reduced ridge height over annexe, installation of render and timber cladding on external elevations and the erection of a single storey detached garage.",See source,https://www.planit.org.uk/planapplic/EastStaffordshire/P/2026/00887/,https://eaststaffs-publicportal.statmap.co.uk/horizoNext/publicportal/planningapplications/643859,land contamination
12,42.4,Leicester,20261311,Conditions,Small,Undecided,2026-08-28,,"Marwood Road, Stocking Farm Neighbourhood Centre",Approval of details reserved by Condition 14 (Land contamination) attached to planning permission 20221514,See source,https://www.planit.org.uk/planapplic/Leicester/20261311/,https://planning.leicester.gov.uk/Planning/Display/20261311,land contamination
12,42.4,Leicester,20261122,Conditions,Small,Undecided,2026-07-27,,"181B Humberstone Road, Land at Albert Buildings",Approval of details reserved by Condition 8 (Land Contamination) attached to planning permission 20251332,See source,https://www.planit.org.uk/planapplic/Leicester/20261122/,https://planning.leicester.gov.uk/Planning/Display/20261122,land contamination
12,44.9,South Derbyshire,DMOT/2026/1078,Conditions,Small,Undecided,2026-08-13,,"Sandbanks, Cockshut Lane, Melbourne, Derby, DE73 8DG","Approval of details required by conditions 2 (appearance, scale and landscaping), 4 (dust mitigation), 6 (contaminated land assessment) & 12 (flight safety) of Outline planning permission ref. DMPA/2026/0380 for The Erection of a single infill Dwelling at",,https://www.planit.org.uk/planapplic/SouthDerbyshire/DMOT/2026/1078/,https://southderbyshire.my.site.com/s/planning-application/a0bP200000FG1YzIAL,land contamination
12,45.6,Harborough,26/01136/PCD,Conditions,Small,Undecided,2026-08-05,,Vitrum House 3 Victoria Court Kibworth Beauchamp Leicestershire LE8 0US,Discharge of Condition 4 (Verification Report) of 23/00681/FUL,Corporate Architecture Ltd,https://www.planit.org.uk/planapplic/Harborough/26/01136/PCD/,https://pa2.harborough.gov.uk/online-applications/applicationDetails.do?keyVal=TJB0H4HWHRJ00&activeTab=summary,verification report
12,45.9,West Northamptonshire,2026/2905/COND,Conditions,Small,Permitted,2026-07-10,2026-08-14,The Lambing Barn Steeple Lane Little Brington NN7 4HN,Discharge of condition 11 [Contamination Verification Report] for planning permission 2024/2883/FULL - Demolition of former agricultural buildings ‘The Lambing Barn’ and the ‘Cart Shed’ and construction of new self build dwelling with link to playroom / garage building. Modifications to the turning head in access road,See source,https://www.planit.org.uk/planapplic/WestNorthamptonshire/2026/2905/COND/,https://wnc.planning-register.co.uk/Planning/Display/2026/2905/COND,verification report
12,46.1,Harborough,26/01119/PCD,Conditions,Small,Undecided,2026-08-04,,Chapel Farm Foxton Road Lubenham Leicestershire LE16 7RY,"Discharge of Conditions 3 (CEMP), 4 (Historic Building Record), 5 (Risk Based Land Contamination Assessment) and 9 (Landscaping) of 24/00397/FUL",Class Q Ltd,https://www.planit.org.uk/planapplic/Harborough/26/01119/PCD/,https://pa2.harborough.gov.uk/online-applications/applicationDetails.do?keyVal=TJ8P88HWHPR00&activeTab=summary,land contamination
12,46.4,Wyre Forest,26/0459/CR,Conditions,Small,Undecided,2026-06-08,,Land Adjoining 60 Bark Hill Bewdley Worcestershire,Discharge of Condition 13 (Contaminated Land) attached to planning approval ref: 24/0203/FUL,Betaplan Ltd,https://www.planit.org.uk/planapplic/WyreForestDC/26/0459/CR/,https://planningpa.wyreforestdc.gov.uk/online-applications/applicationDetails.do?keyVal=TGB56DSIGFS00&activeTab=summary,land contamination
12,48.4,Charnwood,P/26/1247/2,Conditions,Small,Undecided,2026-07-06,,"11 Victoria Street, Syston, Leicestershire, LE7 2LE","Discharge of Conditions 10 (Contaminated Land Investigation) and 15 (Flood Evacuation Plan) of Planning Application ref: P/25/2291/2 (Change of use of commercial unit (class B2/B8) into a place of worship (class F1), including alterations to opening to front and rear)",See source,https://www.planit.org.uk/planapplic/Charnwood/P/26/1247/2/,https://planningexplorer.charnwood.gov.uk/Assure/ES/Presentation/Planning/OnlinePlanning/OnlinePlanningOverview?applicationNumber=P%2F26%2F1247%2F2,land contamination
12,49.4,Malvern Hills,M/26/01249/CCO,Conditions,Small,Undecided,2026-08-17,,Land At (Os 8202 5595 West Of Worcester) Martley Road Lower Broadheath,"Discharge of Condition 27 (cycle parking), Condition 28: Submission of roads, cycleway, footpath and driveways/parking specification details, Condition 30 (Highway & Junction implementation), Condition 41 (Remediation Strategy 1), Condition 48 (Low Emission Boilers) of planning application 16/01168/OUT",See source,https://www.planit.org.uk/planapplic/MalvernHills/M/26/01249/CCO/,https://plan.malvernhills.gov.uk/Planning/Display/M/26/01249/CCO,remediation
12,49.4,Malvern Hills,M/26/01206/CCO,Conditions,Small,Undecided,2026-08-10,,Land At (Os 8202 5595 West Of Worcester) Martley Road Lower Broadheath,"Discharge of Condition 39 (site investigation), Condition 40 (remediation strategy), and Condition 50 (fire safety) of planning application 16/01168/OUT",See source,https://www.planit.org.uk/planapplic/MalvernHills/M/26/01206/CCO/,https://plan.malvernhills.gov.uk/Planning/Display/M/26/01206/CCO,remediation
12,51.0,Cherwell,26/02073/DISC,Conditions,Small,Undecided,2026-08-10,,Land To Gardner Way Banbury Road Adderbury OX17 3FW,"Discharge of conditions 5 (Drainage Scheme), 8 (Acoustic), 9 (Construction Method Statement), 10 (Desk Study and Site Walk Over), 11 and 12 (Land Contamination), 20 (Tree Protection Measures), 24 (Arboricultural Impact Assessment/Method Statement), 25 (Landscape Proposal) and 33 (Biodiversity Net Gain) of 21/01966/F",See source,https://www.planit.org.uk/planapplic/Cherwell/26/02073/DISC/,https://planningregister.cherwell.gov.uk/Planning/Display/26/02073/DISC,land contamination
12,52.3,Derby,26/00898/DISC,Conditions,Small,Undecided,2026-07-13,,Sinfin A Site Rolls Royce PLC Victory Road Derby DE24 8EJ,"Discharge of condition nos 3 (Construction Environmental Management Plan) and 4 (Remediation Strategy) of previously approved permission 26/00060/FUL - Remediation works, and realignment and installation of ground services to facilitate the future development of the Engineering Technology & Safety (ET&S) building",AECOM,https://www.planit.org.uk/planapplic/Derby/26/00898/DISC/,https://eplanning.derby.gov.uk/online-applications/applicationDetails.do?activeTab=summary&keyVal=THYV8BFSFOP00,remediation
12,52.3,Derby,26/00920/DISC,Conditions,Small,Undecided,2026-07-15,,Sinfin A Site Rolls Royce PLC Victory Road Derby DE24 8EJ,"Discharge of condition 4 (Contaminated Land) of previously approved application no. 25/01884/FUL - Erection of a new manufacturing services building with ancillary offices, welfare areas, sanitary areas, canteen and circulation areas, and associated external works.",AECOM,https://www.planit.org.uk/planapplic/Derby/26/00920/DISC/,https://eplanning.derby.gov.uk/online-applications/applicationDetails.do?keyVal=TI7W61FSFR400&activeTab=summary,land contamination
12,52.3,Derby,26/00890/DISC,Conditions,Small,Conditions,2026-07-09,2026-09-02,Site Of Former Showcase Cinema Foresters Park Centre Sinfin Lane Derby DE23 8AG,"Discharge of condition 5 (Contaminated Land) of previously approved application no. 25/00306/FUL - Demolition of the existing cinema and erection of three retail and commercial units with associated drive-thru facilities, parking and landscaping",The Harris Partnership Limited,https://www.planit.org.uk/planapplic/Derby/26/00890/DISC/,https://eplanning.derby.gov.uk/online-applications/applicationDetails.do?keyVal=THWJU3FSFNY00&activeTab=summary,land contamination
12,52.3,Derby,26/00733/DISC,Conditions,Small,Conditions,2026-06-05,2026-08-21,Site Of Former Showcase Cinema Foresters Park Centre Sinfin Lane Derby DE23 8AG,"Discharge of condition 5(b) (contaminated land) of planning permission 25/00306/FUL - Demolition of the existing cinema and erection of three retail and commercial units with associated drive-thru facilities, parking and landscaping",The Harris Partnership Limited,https://www.planit.org.uk/planapplic/Derby/26/00733/DISC/,https://eplanning.derby.gov.uk/online-applications/applicationDetails.do?keyVal=TG5CU0FSMVO00&activeTab=summary,land contamination
12,52.3,Derby,26/00951/DISC,Conditions,Small,Undecided,2026-07-21,,Sinfin A Site Rolls Royce PLC Victory Road Derby DE24 8EJ,"Discharge of condition 4 (Phase II Ground Investigation Report) of previously approved application no. 25/01884/FUL - Erection of a new manufacturing services building with ancillary offices, welfare areas, sanitary areas, canteen and circulation areas, and associated external works.",AECOM,https://www.planit.org.uk/planapplic/Derby/26/00951/DISC/,https://eplanning.derby.gov.uk/online-applications/applicationDetails.do?activeTab=summary&keyVal=TIIP2JFSFU700,ground investigation
12,55.3,Derby,26/00734/DISC,Conditions,Small,Undecided,2026-06-05,,St James Yard St James Street Derby DE1 1RF,"Discharge of conditions 4, 5 and 6 (contaminated land), 7 (ventilation), 10 (SuDS) and partial discharge of condition 11 (design/finishing details) of planning permission 25/00984/FUL - Change of use of land from car park to form 'food and drink hub' including installation of shipping containers and associated works",Guy Taylor Associates,https://www.planit.org.uk/planapplic/Derby/26/00734/DISC/,https://eplanning.derby.gov.uk/online-applications/applicationDetails.do?keyVal=TG5CUPFSMVQ00&activeTab=summary,land contamination
12,57.5,West Northamptonshire,2026/2563/COND,Conditions,Small,Undecided,2026-06-22,,Land to the West of A43 Buckingham Road Evenley NN13 5GH,"Discharge of Conditions 9 ( Risk Assessment) 10 (Site Investigation) 11 (Apprasiall & Remediation Strategy) 15 (Construction Method Statement) 16 (Archaeology) 19 (Materials) 24 (Labour Strategy) 33 (Site Management) of Planning Permission 2024/5352/MAF (The construction, operation and decommissioning of a renewable biomethane gas generation facility with associated infrastructure and works including highway access, landscaping and biodiversity enhancements)",,https://www.planit.org.uk/planapplic/WestNorthamptonshire/2026/2563/COND/,https://wnc.planning-register.co.uk/Planning/Display/2026/2563/COND,materials management plan
12,58.4,West Northamptonshire,2026/3263/COND,Conditions,Small,Undecided,2026-08-04,,Alcura House Units A And B Compass Business Park Caswell Road Northampton NN4 7BZ,"Discharge of Condition 14 (Remediation Scheme) of planning permission 2025/1579/FULL (Proposed redevelopment of the site to provide employment floorspace for a flexible range of uses (within Classes E(g)(iii), B2 and / or B8) with ancillary offices together with the provision of a service yard, parking, landscaping and associated works at Compass Business Park Alcura House Units A and B Caswell Road Northampton NN4 7BZ).",,https://www.planit.org.uk/planapplic/WestNorthamptonshire/2026/3263/COND/,https://wnc.planning-register.co.uk/Planning/Display/2026/3263/COND,remediation
12,58.9,Shropshire,26/02208/DIS,Conditions,Small,Undecided,2026-06-12,,Proposed Dwelling North Of Oreton Cleobury Mortimer Shropshire,Discharge Conditions 4 (drainage) and 6 (contaminated land) of planning permission No. 24/01030/OUT,No Data,https://www.planit.org.uk/planapplic/Shropshire/26/02208/DIS/,https://pa.shropshire.gov.uk/online-applications/applicationDetails.do?activeTab=summary&keyVal=TGHBG2TDJ5600,land contamination
12,82.7,Mansfield,2026/0327/CON,Conditions,Medium,Undecided,2026-06-11,,Site Of The Former Hermitage Mill Hermitage Lane Mansfield,"DISCHARGE OF CONDITIONS 4 (ENVIRONMENTAL MANAGEMENT PLAN), 5 (CONSTRUCTION AND ENVIRONMENTAL MANAGEMENT PLAN), 7 (REMEDIATION STRATEGY), 9 (GROUNDWATER RESOURCES), 11 (SECURITY MEASURES, 12 (EXTERNAL MATERIALS AND MEANS OF ENCLOSURE), 16 (MANAGEMENT AND MAINTENANCE), 17 (TRAFFIC REGULATION ORDER), 18 (CONSTRUCTION METHOD STATEMENT), 20 (SURFACE WATER AND FOUL DRAINAGE), 21 (LIGHTING DESIGN STRATEGY), 23 (HABITAT MANAGEMENT AND MONITORING PLAN), 25 (SOFT LANDSCAPING), 27 (WEIR AND SPILLWAY), 28 (RISK MANAGEMENT PLAN), 29 (ARCHAEOLOGICAL DESK BASED ASSESSMENT), 30 (DISCHARGE OF WATER), 31 (JAPANESE KNOTWEED) AND 32 (GROUND LEVELS) ON APPLICATION 2025/0124/FUL (PROPOSED RESIDENTIAL DEVELOPMENT OF 31 NO. RESIDENTIAL DWELLINGS.)",Jackson Design Associates,https://www.planit.org.uk/planapplic/Mansfield/2026/0327/CON/,https://planning.mansfield.gov.uk/online-applications/applicationDetails.do?activeTab=summary&keyVal=TGGIK9KMMH700,materials management plan
12,88.4,Stroud,S.26/0902/DISCON,Conditions,Medium,Undecided,2026-05-26,,SKF(UK) Ltd Oldends Lane Stonehouse Gloucestershire GL10 3RH,Discharge of condition 16 part (i) (contaminated land) and condition 17 (CMP) from S.22/2757/FUL.,See source,https://www.planit.org.uk/planapplic/Stroud/S.26/0902/DISCON/,https://publicaccess.stroud.gov.uk/online-applications/applicationDetails.do?keyVal=TFMYNEPNHGM00&activeTab=summary,land contamination
12,96.4,South Oxfordshire,P26/S3439/DIS,Conditions,Small,Undecided,2026-08-10,,"120 Broadway, Didcot, OX11 8AB","Discharge of Condition 3 (Construction Traffic Management (details required)) of Planning Ref. P25/S0500/FUL Redevelopment of 116, 118 and 120 Broadway. Demolition of 116-118 Broadway and the erection of a replacement building to provide ground floor space Class E space and 8 x 1-bedroom affordable apartments. Refurbishment of 120 Broadway to provide ground floor Class E space and 1 x 2-bedroom affordable apartment. Associated landscaping and external works. (As amplified by additional Ground Investigation Report received 10 April 2025 and as amplified by additional drainage information received 23 April 2025)",Jessop and Cook architects,https://www.planit.org.uk/planapplic/SouthOxfordshire/P26/S3439/DIS/,https://southoxfordshire.planning-register.co.uk/Planning/Display?applicationNumber=P26%2FS3439%2FDIS,ground investigation
12,109.9,South Oxfordshire,P26/S3620/DIS,Conditions,Small,Undecided,2026-08-18,,The Smith Centre Fairmile Henley-on-Thames RG9 6AB,"Discharge of condition 10(contaminated land) on application ref. P25/S1259/S73 Variation of condition 2 (Approved plans) on application P22/S3033/FUL (Demolition of the existing office floorspace and construction of an Extra Care residential development (C2 Class Use together with ancillary amenity spaces, landscaping, car and cycle parking and associated plant) - Revisions to the internal and external areas to provide in response to fire safety and Building Regulation requirements including extension of the lower ground floor level for a sprinkler tank and VRF plant room. Addition of an external LV switch room. Reduction of units from 108 to 100 and associated changes to the unit mix. Amended window sizes and locations design amendments to the facade.",DP9,https://www.planit.org.uk/planapplic/SouthOxfordshire/P26/S3620/DIS/,https://southoxfordshire.planning-register.co.uk/Planning/Display?applicationNumber=P26%2FS3620%2FDIS,land contamination
11,52.1,West Northamptonshire,2026/3525/COND,Conditions,Large,Undecided,2026-08-14,,Dallington Grange Mill Lane Kingsthorpe Northampton NN5 7PZ,"Discharge of Conditions 27 [Site Investigation - Contamination], Phase 2B only of Planning Permission N/2014/1429 [Outline planning application (all matters reserved except access) for a sustainable urban extension comprising up to 3,000 dwellings including affordable housing; up to 7.2ha employment land (class b1 office/light industry and class b2 general industry); a local centre to accommodate a food store (2,230m2), 6 shop units (750m2) for retail (class a1), professional and financial services (class a2), restaurant/cafe (class a3), drinking establishment (class a4) and hot food takeaway (class a5); public house/restaurant; nursery (class d1); 2 primary schools; secondary school; redevelopment of grange farm for cafe/restaurant/public house or hotel; extension of the north west bypass on the site; provision of open space and strategic landscaping and wildlife corridors; surface water/flood management works and associated engineering works for drainage and services]",,https://www.planit.org.uk/planapplic/WestNorthamptonshire/2026/3525/COND/,https://wnc.planning-register.co.uk/Planning/Display/2026/3525/COND,land contamination
11,63.9,Nottingham,26/01344/PDS4,Conditions,Small,Undecided,2026-07-30,,Dusk Till Dawn Ltd Redfield Way Nottingham Nottingham City NG7 2UW,"Discharge of Conditions 2 (biodiversity gain plan), 3 (contamination remediation) and 5 (surface water management) of 26/01070/PVAR3",Leonard Design,https://www.planit.org.uk/planapplic/Nottingham/26/01344/PDS4/,https://publicaccess.nottinghamcity.gov.uk/online-applications/applicationDetails.do?activeTab=summary&keyVal=TIZIUWLYMNS00,remediation
11,67.1,North Northamptonshire,26/01946/AOC,Conditions,Small,Undecided,2026-07-13,,Wellingborough School Irthlingborough Road Wellingborough NN8 2BX,"Approval of details reserved by condition pursuant to conditions 8 (No hard standing areas are to be constructed until the works have been carried out in accordance with the approved surface water strategy unless otherwise agreed in writing with LPA), 11 (a Verification Report for the installed surface water drainage system for the site), 13 (Confirmation the cumulative noise levels from all plant associated with the site not exceeding 10dB(A) below background at the nearest sensitive receptor during the day time and not exceeding 5dB(A) below background during the night time when assessed in accordance with BS4142:2014 +A1:2019 (or latest iteration)), 19 (Confirmation external lighting scheme installed in accordance with the Obtrusive Light Limitations for Exterior Lighting Installations for Environmental Zone E2 table 1) and 20 (Confirmation the permanent car/vehicle parking area as shown on drawing number WEL012-PEV-DT-ZZ-DR-A-0200 Rev P03 constructed and made available for use) pursuant to planning permission reference NW/23/00625/FUL",,https://www.planit.org.uk/planapplic/NorthNorthamptonshire/26/01946/AOC/,https://publicaccess.northnorthants.gov.uk/online-applications/applicationDetails.do?keyVal=TI5N40IU08800&activeTab=summary,verification report
11,67.5,North Northamptonshire,26/02294/AOC,Conditions,Small,Undecided,2026-08-13,,Land Area 27(a) (Station Island Parcels 9 & 6B) Stanton Cross Roundhouse Way Wellingborough,Approval of details pursuant to Condition 5(d) (Remediation Verification Report) of reserved matters consent reference NW/22/00589/REM,,https://www.planit.org.uk/planapplic/NorthNorthamptonshire/26/02294/AOC/,https://publicaccess.northnorthants.gov.uk/online-applications/applicationDetails.do?keyVal=TJPSL1IUH2E00&activeTab=summary,verification report
11,67.8,Buckinghamshire,PL/26/04250/CONDA,Conditions,Small,Undecided,2026-05-22,,Land West Of London Road Buckingham Buckinghamshire,Application for approval of details subject to condition 13 (contaminated land) of planning permission 23/00178/AOP (allowed on appeal APP/J0405/W/24/3348499),,https://www.planit.org.uk/planapplic/Bucks/PL/26/04250/CONDA/,https://publicaccess.buckinghamshire.gov.uk/online-applications/applicationDetails.do?activeTab=summary&keyVal=TFFTGIESKNB00,land contamination
11,68.5,North Northamptonshire,26/02513/AOC,Conditions,Small,Undecided,2026-09-03,,Irthingborough Grange Farm Irthlingborough Road Wellingborough NN8 1RG,"Discharge of Conditions pursuant to Condition 4, 5, 6 (Contamination and Remediation) and 17 (Construction Management Plan) of NW/26/01460/FUL",,https://www.planit.org.uk/planapplic/NorthNorthamptonshire/26/02513/AOC/,https://publicaccess.northnorthants.gov.uk/online-applications/applicationDetails.do?keyVal=TKSGOWIUHVJ00&activeTab=summary,remediation
11,68.5,North Northamptonshire,26/02512/AOC,Conditions,Small,Undecided,2026-09-03,,Irthingborough Grange Farm Irthlingborough Road Wellingborough NN8 1RG,Discharge of Condition 13 (Assessment of Contamination and Remediation Strategy) pursuant to NW/25/00449/VAR,,https://www.planit.org.uk/planapplic/NorthNorthamptonshire/26/02512/AOC/,https://publicaccess.northnorthants.gov.uk/online-applications/applicationDetails.do?keyVal=TKSGNXIUHVH00&activeTab=summary,remediation
11,70.4,North Northamptonshire,26/01990/AOC,Conditions,Small,Undecided,2026-07-16,,Land Adjacent 81 And Rear 2 To 26 James Street Farndish Road Irchester,Approval of details reserved by condition pursuant to condition 14 (Verification Report for the Installed Surface Water Drainage System - partial discharge Phase 2) of outline planning permission WP/19/00154/OUT,,https://www.planit.org.uk/planapplic/NorthNorthamptonshire/26/01990/AOC/,https://publicaccess.northnorthants.gov.uk/online-applications/applicationDetails.do?activeTab=summary&keyVal=TI9W31IUG0500,verification report
11,71.0,Nottingham,26/01496/PDS4,Conditions,Small,Undecided,2026-08-21,,Southglade Primary School Beckhampton Road Nottingham Nottingham City NG5 5NE,Details submitted to discharge condition 14 (drainage system verification report) of planning permission reference 23/01172/PFUL3,DPP,https://www.planit.org.uk/planapplic/Nottingham/26/01496/PDS4/,https://publicaccess.nottinghamcity.gov.uk/online-applications/applicationDetails.do?activeTab=summary&keyVal=TK46L9LYIFL00,verification report
11,71.0,Nottingham,26/01332/PDS4,Conditions,Small,Undecided,2026-07-29,,Southglade Primary School Beckhampton Road Nottingham Nottingham City NG5 5NE,Discharge condition 9 (mine gas verification report) of planning permission reference 23/01172/PFUL3,DPP,https://www.planit.org.uk/planapplic/Nottingham/26/01332/PDS4/,https://publicaccess.nottinghamcity.gov.uk/online-applications/applicationDetails.do?activeTab=summary&keyVal=TIXFRALYMEA00,verification report
11,72.3,Cherwell,26/02076/DISC,Conditions,Small,Undecided,2026-08-10,,2 Banbury Road Kidlington Oxfordshire OX5 2BT,"Discharge of Conditions 8 (Biodiversity Enhancement Scheme), 9 (Noise Mitigation), 10 (Details of alternative ventilation system), 11, 12 and 13 (Land Contamination) of 23/00610/F",See source,https://www.planit.org.uk/planapplic/Cherwell/26/02076/DISC/,https://planningregister.cherwell.gov.uk/Planning/Display/26/02076/DISC,land contamination
11,72.6,Rutland,2026/0883/DIS,Conditions,Small,Undecided,2026-07-15,,The Boot Inn 10 The Street South Luffenham Rutland LE15 8NX,"Discharge of Condition No. 4 (Remediation Scheme), Condition No 5 (Validation Report), Condition No. 6 (Contamination), Condition No. 10 (Hard & Soft Landscaping), Condition No.11 (Implementation of Landscaping) & Condition No.12 (Boundary Treatments) on planning permission ref: 2025/1356/FUL (S73 Variation of condition 2 (plans) in relation to: 2025/0927/FUL (Subdivision of permitted dwelling and annexe into 3 no. separate residential dwellings). To accommodate design changes Omit A102 REV i, replace A102 REV L; Omit A301 REV E, replace with A301 REV F - The Boot Inn 10 The Street South Luffenham).",Dwell Architects Ltd,https://www.planit.org.uk/planapplic/Rutland/2026/0883/DIS/,https://publicaccess.rutland.gov.uk/online-applications/applicationDetails.do?keyVal=TI833YNNJU700&activeTab=summary,remediation
11,77.0,Buckinghamshire,PL/26/04977/CONDA,Conditions,Small,Undecided,2026-06-18,,Salden Place Whaddon Road Newton Longville Buckinghamshire,Application for approval of details subject to condition 53 (Contamination and Remediation) of planning approval 15/00314/AOP,,https://www.planit.org.uk/planapplic/Bucks/PL/26/04977/CONDA/,https://publicaccess.buckinghamshire.gov.uk/online-applications/applicationDetails.do?keyVal=TGTIC4ESFMO00&activeTab=summary,remediation
11,77.4,North Northamptonshire,26/01907/AOC,Conditions,Small,Undecided,2026-07-09,,Sand And Gravel Quarry Land Pts Op4834 7882 And 8518 Tl0178 Huntingdon Road Thrapston,Discharge of condition 27 (Remediation Strategy) persuant to NE/22/00151/FUL,Oxalis Planning Ltd,https://www.planit.org.uk/planapplic/NorthNorthamptonshire/26/01907/AOC/,https://publicaccess.northnorthants.gov.uk/online-applications/applicationDetails.do?activeTab=summary&keyVal=THWCIVIUFO300,remediation
11,77.8,North East Derbyshire,26/00585/DISCON,Conditions,Small,Undecided,2026-07-27,,Land Between 1 St Leonards Place And Shirland Primary School Park Lane Shirland,Application to discharge condition 29 (drainage verification report) pursuant to planning application 22/00418/FL.,,https://www.planit.org.uk/planapplic/NorthEastDerbyshire/26/00585/DISCON/,https://planapps-online.ne-derbyshire.gov.uk/online-applications/applicationDetails.do?keyVal=TIU9TJLIIWU00&activeTab=summary,verification report
11,78.1,Forest of Dean,P0981/26/DISCON,Conditions,Small,Undecided,2026-08-20,,The Gables Fishpool Kempley Dymock Gloucestershire GL18 2BT,"Discharge of condition 05 (biodiversity), 06 (lighting), 10 (land contamination and remedial strategy) and 14 (external materials) of planning permission P1127/25/FUL",See source,https://www.planit.org.uk/planapplic/ForestOfDean/P0981/26/DISCON/,https://publicaccess.fdean.gov.uk/online-applications/applicationDetails.do?activeTab=summary&keyVal=TK2N0UHIJX500,land contamination
11,79.1,North Northamptonshire,26/00889/AOC,Conditions,Small,Undecided,2026-05-05,,Land To Rear Of Cemetery Stoke Doyle Road Oundle,Discharge of condition 29 NE/21/00742/FUL in respect of verification report for surface water drainage,,https://www.planit.org.uk/planapplic/NorthNorthamptonshire/26/00889/AOC/,https://publicaccess.northnorthants.gov.uk/online-applications/applicationDetails.do?keyVal=TCVOOIIUJKJ00&activeTab=summary,verification report
11,79.7,Shropshire,26/02794/DIS,Conditions,Small,Undecided,2026-07-24,,Car Park At Whitehall Monkmoor Road Shrewsbury Shropshire SY2 5AP,Discharge of Condition 4b (Verification of remediation scheme) relating to Planning Permission 24/03897/FUL,,https://www.planit.org.uk/planapplic/Shropshire/26/02794/DIS/,https://pa.shropshire.gov.uk/online-applications/applicationDetails.do?keyVal=TIN3LATDK4100&activeTab=summary,remediation
11,80.5,Shropshire,26/02526/DIS,Conditions,Small,Undecided,2026-07-03,,Development Land At Site Of Lime Tree Yard New Park Road Shrewsbury Shropshire,Discharge of Conditions 3 (Contaminated Land) and 10 (Landscaping) of planning permission 20/02326/FUL,Base Architecture and Design ltd,https://www.planit.org.uk/planapplic/Shropshire/26/02526/DIS/,https://pa.shropshire.gov.uk/online-applications/applicationDetails.do?activeTab=summary&keyVal=THK7LZTDJNO00,land contamination
11,87.1,North East Derbyshire,26/00651/DISCON,Conditions,Small,Undecided,2026-08-21,,Bennett Ferguson Coal North Wingfield Road Grassmoor Chesterfield S42 5EA,"Applicationto discharge condition 5 (Design and Management of Surface Water), 6 (Design of Surface Water during construction), 8 (Remediation Strategy) and 11 (Landscaping Scheme) pursuant to planning application 23/00963/FL",Mitchell & Proctor,https://www.planit.org.uk/planapplic/NorthEastDerbyshire/26/00651/DISCON/,https://planapps-online.ne-derbyshire.gov.uk/online-applications/applicationDetails.do?activeTab=summary&keyVal=TK4EUYLIJ8K00,remediation
11,88.4,South Oxfordshire,P26/S2505/DIS,Conditions,Small,Undecided,2026-06-22,,Brimpton Grange Access To Hotel From A40 Milton Common OX9 2JW,Discharge of Condition 6 (Roads and footpaths prior to occupation) of planning application ref. P17/S1067/FUL Erection of six detached and two semi-detached dwellings (As amplified by contaminated land questionnaire received 26 April 2017 and amplified by Great Crested Newt Survey dated 8 May 2017 received 9 May 2017),HSD,https://www.planit.org.uk/planapplic/SouthOxfordshire/P26/S2505/DIS/,https://southoxfordshire.planning-register.co.uk/Planning/Display?applicationNumber=P26%2FS2505%2FDIS,land contamination
11,89.6,Forest of Dean,P0988/26/DISCON,Conditions,Small,Undecided,2026-08-21,,Engelhard Complex Valley Road Cinderford Gloucestershire GL14 2PB,Discharge of conditions 6 and 7 (Ground investigation report) of Planning Permission P0577/20/OUT,,https://www.planit.org.uk/planapplic/ForestOfDean/P0988/26/DISCON/,https://publicaccess.fdean.gov.uk/online-applications/applicationDetails.do?activeTab=summary&keyVal=TK46I5HIJXS00,ground investigation
11,90.4,Chesterfield,CHE/26/00469/DOC,Conditions,Large,Conditions,2026-06-16,2026-09-02,Land To The East Of Linacre Road Holme Hall Chesterfield Derbyshire,"Discharge of conditions 19 (Remedial works in line with mine entries), 20 (Declaration of site safety) and 42 (Drainage verification report) of application CHE/21/00707/FUL- Erection of 301 dwellings including the provision of public open space, landscaping and associated infrastructure and works",,https://www.planit.org.uk/planapplic/Chesterfield/CHE/26/00469/DOC/,https://publicaccess.chesterfield.gov.uk/online-applications/applicationDetails.do?activeTab=summary&keyVal=TGPZWAEPGUV00,verification report
11,91.7,Bolsover,26/00131/DCON01,Conditions,Medium,Undecided,2026-07-06,,48 Intake Road Bolsover Chesterfield S44 6BB,"Discharge of conditions 4 (Contaminated Land), 5 (Site Investigation) and 6A (Remediation Works) of planning permission 26/00131/FUL",Windle Cook Architects,https://www.planit.org.uk/planapplic/Bolsover/26/00131/DCON01/,https://publicaccess.bolsover.gov.uk/online-applications/applicationDetails.do?keyVal=THR0KTDDMOJ00&activeTab=summary,land contamination
10,5.8,Solihull,PL/2026/00925/DIS,Conditions,Small,Permitted,2026-05-13,2026-07-14,Land At Catchems Corner Off Waste Lane Balsall Common Solihull,Discharge condition No. 18 - Part 3 (Contaminated Land - Remediation Strategy) following planning approval PL/2023/02281/PPOL.,Elan Homes Midlands,https://www.planit.org.uk/planapplic/Solihull/PL/2026/00925/DIS/,https://publicaccess.solihull.gov.uk/online-applications/applicationDetails.do?keyVal=TEZ2MMOEJMO00&activeTab=summary,land contamination
10,9.5,Solihull,PL/2026/01598/DIS,Conditions,Small,Undecided,2026-08-28,,5 Marston Drive Kingshurst Solihull B37 6BD,"Discharge condition 12 (Demolition and Construction Environmental Management Plan), 15 (Construction Environmental Management Plan) and 22 (Construction Management Plan) following planning approval PL/2025/00880/VAR insofar as it relates to Phase 2 of the scheme as shown on Drawing Number M00526-RGP-20-XX-DR-A-0002-P13 (Proposed Site Phasing Plan)",rg+p Ltd.,https://www.planit.org.uk/planapplic/Solihull/PL/2026/01598/DIS/,https://publicaccess.solihull.gov.uk/online-applications/applicationDetails.do?keyVal=TKHJ11OELZD00&activeTab=summary,demolition
10,9.7,Solihull,PL/2026/01498/DIS,Conditions,Small,Undecided,2026-08-13,,36 Temple Road Dorridge Solihull B93 8LF,"Discharge of conditions 3 (Materials), 4 (Hard and Soft Landscaping), 6 (Surface Water), 7 (Demolition and Construction Management Plan), 8 (Protection Barriers), 10 (Bats) and 11 (Bat box) for planning permission PL/2025/02384/VAR dated 03.06.2026 for Variation of condition No. 1 following planning approval dated 01.08.2022 reference PL/2022/00208/MINFDW for Erection of replacement detached dwelling.",CROSS AND CRAIG ASSOCIATES,https://www.planit.org.uk/planapplic/Solihull/PL/2026/01498/DIS/,https://publicaccess.solihull.gov.uk/online-applications/applicationDetails.do?activeTab=summary&keyVal=TJP7KKOELMV00,materials management plan
10,9.8,North Warwickshire,2026/0672/DOC,Conditions,Small,Undecided,2026-08-27,,Lansdown House Hoggrills End Lane Nether Whitacre B46 2DD,Discharge of conditions 3(Drainage) 4(HMMP) 5(Ecological Mitigation and Enhancement plan) 6(Landscaping) 7(Finished Floor Levels) of permission 2026/0176/FUL (Demolition of existing buildings and erection of 5 dwellings and associated infrastructure (in lieu of Class Q Prior Approval for 5 dwellings PAP/2025/0234 and extant planning permission PAP/2021/0045 for conversion of brick barn to one dwelling)),Lawrence & Finley Architects Limited,https://www.planit.org.uk/planapplic/NorthWarwickshire/2026/0672/DOC/,https://planning.northwarks.gov.uk/Planning/Display?applicationNumber=2026%2F0672%2FDOC,demolition
10,10.4,Coventry,PL/2026/0001054/DCA,Conditions,,,2026-06-16,,"Hillfield Youth Centre, 38 Yardley Street, Coventry, CV1 5JN",Submission of details to discharge conditions 4-light impact assessment; 5-unexploded ordnance contamination desk study; 6-investigation and risk assessment; 7-remediation scheme and 8-approved remediation scheme: imposed on planning permission PL/2025/0001948/FUL for construction of a PlayZone on an existing multi use games area (MUGA) granted 21.01.26,,https://www.planit.org.uk/planapplic/Coventry/PL/2026/0001054/DCA/,https://planandregulatory.coventry.gov.uk/planning/index.html?fa=getApplication&id=276104,remediation
10,12.0,Birmingham,2026/03467/PA,Conditions,Small,Permitted,2026-06-25,2026-08-10,Stockfield Road Land adjacent to No.406 Acocks Green Birmingham B27,"Application to determine the details of condition number 3 (sample materials and architectural details), 5 (earthworks/levels details), 8 (construction method statement/management plan), 9 (prior submission of a Construction Ecological Management Plan (CEcMP)), 10 (drainage plans for disposal of foul and surface water flows), 11 (Arboricultural Method Statement - Submission Required), 12 (contamination remediation scheme) and 14 (noise mitigation measures) attached to planning approval 2022/06733/PA.",See source,https://www.planit.org.uk/planapplic/Birmingham/2026/03467/PA/,https://planning.birmingham.gov.uk/NECSWS/ES/Presentation/Planning/OnlinePlanning/OnlinePlanningOverview?applicationNumber=2026%2F03467%2FPA,remediation
10,16.9,Birmingham,2026/04296/PA,Conditions,Small,Permitted,2026-07-21,2026-08-12,"40 Rupert Street, Birmingham, B7 4PS",Application to determine the details for conditions 2 (contaminated land verification report) and 10 (lighting scheme) attached to planning application 2025/04239/PA,See source,https://www.planit.org.uk/planapplic/Birmingham/2026/04296/PA/,https://planning.birmingham.gov.uk/NECSWS/ES/Presentation/Planning/OnlinePlanning/OnlinePlanningOverview?applicationNumber=2026%2F04296%2FPA,verification report
10,17.0,Birmingham,2026/02812/PA,Conditions,Small,Permitted,2026-05-22,2026-06-24,Former Chemical Engineering and Applied Chemistry (CEAC) Building and associated car park Corner of Jennens Road and James Watt Queensway City Centre Birmingham B4 7PS,Application to determine the details for condition 23 (Contaminated Land Verification Report) attached to reference number 2019/04239/PA.,See source,https://www.planit.org.uk/planapplic/Birmingham/2026/02812/PA/,https://planning.birmingham.gov.uk/NECSWS/ES/Presentation/Planning/OnlinePlanning/OnlinePlanningOverview?applicationNumber=2026%2F02812%2FPA,verification report
10,18.0,Birmingham,2026/03263/PA,Conditions,Small,Permitted,2026-06-16,2026-08-07,"4 South Parade, Birmingham, B72 1QY",Application to determine the details for condition number 5 (contamination remediation scheme) attached to approval 2026/00271/PA,,https://www.planit.org.uk/planapplic/Birmingham/2026/03263/PA/,https://planning.birmingham.gov.uk/NECSWS/ES/Presentation/Planning/OnlinePlanning/OnlinePlanningOverview?applicationNumber=2026%2F03263%2FPA,remediation
10,18.3,Birmingham,2026/03852/PA,Conditions,Small,Permitted,2026-07-08,2026-08-14,"Land at Lionel Street, Livery Street, Great Charles Street and Ludgate Hill Jewellery Quarter Birmingham B3",Application to determine the details for condition numbers 2 (contaminated land verification report) and 28 (Noise Commissioning Testing for Block A) attached to planning permission 2020/02556/PA.,See source,https://www.planit.org.uk/planapplic/Birmingham/2026/03852/PA/,https://planning.birmingham.gov.uk/NECSWS/ES/Presentation/Planning/OnlinePlanning/OnlinePlanningOverview?applicationNumber=2026%2F03852%2FPA,verification report
10,18.8,Birmingham,2026/02796/PA,Conditions,Small,Permitted,2026-05-21,2026-07-27,"Land at Sloane Street, Camden Street, Camden Drive, Camden Grove & Legge Lane Jewellery Quarter Birmingham B1 3BX",Application to determine the details for condition number (8- Submission of a contaminated land verification report) attached to reference number 2017/00002/PA,See source,https://www.planit.org.uk/planapplic/Birmingham/2026/02796/PA/,https://planning.birmingham.gov.uk/NECSWS/ES/Presentation/Planning/OnlinePlanning/OnlinePlanningOverview?applicationNumber=2026%2F02796%2FPA,verification report
10,19.9,Birmingham,2026/03023/PA,Conditions,Small,Permitted,2026-06-03,2026-08-25,St Chads Court 213 Hagley Road Edgbaston Birmingham B16 9RG,Application to determine the details for condition number 4 (contaminated land verification report) attached to planning application 2023/05593/PA.,See source,https://www.planit.org.uk/planapplic/Birmingham/2026/03023/PA/,https://planning.birmingham.gov.uk/NECSWS/ES/Presentation/Planning/OnlinePlanning/OnlinePlanningOverview?applicationNumber=2026%2F03023%2FPA,verification report
10,25.1,Rugby,R26/0799,Conditions,Small,Undecided,2026-08-25,,"THURLASTON MEADOWS CARE HOME, MAIN STREET, THURLASTON, RUGBY, CV23 9JS","Details of conditions 3 (Materials), 8 (CMP), 12 (Bat Survey), 13 (Landscaping), 14 (Tree Protection) and 16 (Levels) of R25/1045. (Erection of a two storey and single storey extension to the west elevation; demolition of air raid sheleter and erection of a single storey extension to the south elevation; and a two storey extension to the north elevation with associated access and parking. R21/0152 Variation of conditions 2 and 17 of R21/0152 (various extensions) changes to previously approved plans.)",See source,https://www.planit.org.uk/planapplic/Rugby/R26/0799/,https://planning.agileapplications.co.uk/rugby/application-details/42534,demolition
10,26.8,Rugby,R26/0443,Conditions,Small,Permitted,2026-05-01,2026-06-10,"Elliots Field Shopping Park, LEICESTER ROAD, RUGBY","Details of conditions 6 (CMP) and 7(a)(Contaminated Land) of R25/0601. (Variation of condition(s) 2 - Plans, 4 - Landscaping and 12 - Parking - attached to R22/0286 - Erection of a drive-thru retail unit (flexible Class E(b) / Sui Generis Use) and associated alterations to the car park.)",See source,https://www.planit.org.uk/planapplic/Rugby/R26/0443/,https://planning.agileapplications.co.uk/rugby/application-details/42114,land contamination
10,26.8,Rugby,R26/0810,Conditions,Small,Undecided,2026-08-28,,"CEMEX HOUSE, EVREUX WAY, RUGBY, CV21 2DT",Application for the approval of details relating to condition 16 (Ecology - Bats) of R22/1102 (Demolition of existing office building and erection of a new Class E food retail store),See source,https://www.planit.org.uk/planapplic/Rugby/R26/0810/,https://planning.agileapplications.co.uk/rugby/application-details/42550,demolition
10,28.1,Walsall,26/0540,Conditions,Small,,2026-05-12,,"Queen Marys High School, Upper Forster Street, Walsall, WS4 2AE","Section 73 application to vary conditions 2 (approved documents), 3 (archaeology), 4 (construction environmental management statement),5 (asbestos report), 6 (ground gas ingress protection measures),7 (tree protection measures) of planning permission 20/0634.",See source,https://www.planit.org.uk/planapplic/Walsall/26/0540/,https://planning.walsall.gov.uk/swift/apas/run/WPHAPPDETAIL.DisplayUrl?theApnID=26/0540,asbestos
10,29.3,Walsall,26/0567,Conditions,Small,Rejected,2026-07-15,2026-09-01,"Land to the Rear of 41 Dartmouth Avenue, Walsall, WS3 1ST","Application to discharge Condition(s) 3 (Pedestrian Crossing),4 (Asbestos),5 (CEMP),6a (Trees),7i,7ii,7iii, (Ground Contamination),11 (Electric Vehicle Charging) of planning permission 22/0163 for erection of three, two bedroom dwellings to the rear of 41 Dartmouth Avenue.",See source,https://www.planit.org.uk/planapplic/Walsall/26/0567/,https://planning.walsall.gov.uk/swift/apas/run/WPHAPPDETAIL.DisplayUrl?theApnID=26/0567,asbestos
10,29.6,Harborough,26/00875/PCD,Conditions,Small,Permitted,2026-06-18,2026-08-11,Bridge Field Farm Broughton Lane Leire Leicestershire,"Discharge of Mandatory Biodiversity Gain Plan Condition, Conditions 3 (Risk Based Contaminated Land Assessment), 5 (Habitat Management and Monitoring Plan), 6 (Bat and Bird Enhancements) and 7 (Maintenance of On-site Habitat) of 25/01647/FUL",Leaf Architecture & Design Ltd,https://www.planit.org.uk/planapplic/Harborough/26/00875/PCD/,https://pa2.harborough.gov.uk/online-applications/applicationDetails.do?keyVal=TGTW7KHWGW200&activeTab=summary,land contamination
10,31.0,Dudley,P17/1304/C7,Conditions,Small,Rejected,2026-06-01,2026-07-06,"The Claughton Centre (proposed Redevelopment), BLOWERS GREEN ROAD, Dudley, DY2 8UZ",Discharge of Conditions: 17 (Land Contamination Verification) and 20 (Ground Gases Verification),See source,https://www.planit.org.uk/planapplic/Dudley/P17/1304/C7/,https://planning.agileapplications.co.uk/dudley/application-details/77063,land contamination
10,31.2,Walsall,26/0627,Conditions,Small,Permitted,2026-06-02,2026-06-29,"BLOXWICH ACADEMY PRIMARY SCHOOL, BLOXWICH LANE, WALSALL, WS2 7JT",Application to discharge Condition 7a (Ground Investigation Report) and 7b (Remediation Method Statement) of planning permission 25/1168.,See source,https://www.planit.org.uk/planapplic/Walsall/26/0627/,https://planning.walsall.gov.uk/swift/apas/run/WPHAPPDETAIL.DisplayUrl?theApnID=26/0627,ground investigation
10,35.3,North West Leicestershire,26/00623/DIS,Conditions,Small,Permitted,2026-05-08,2026-06-15,The Barn Heather Lane Ravenstone Coalville Leicestershire LE67 2AH,"The approval of details reserved by conditions 4 (Levels), 5 (Land Contamination), 7 (Written Scheme Of Investigation) and 9 (Ecology Enhancements) relating to planning permission reference 25/01514/FUL",Staniforth Architects,https://www.planit.org.uk/planapplic/NorthWestLeicestershire/26/00623/DIS/,https://plans.nwleics.gov.uk/public-access/applicationDetails.do?keyVal=TEPYSGLRK0Y00&activeTab=summary,land contamination
10,37.9,South Derbyshire,DMOT/2026/0990,Conditions,Small,Undecided,2026-07-28,,"27 Burton Road, Woodville, Swadlincote DE11 7JE","Approval of details required by conditions 6 (Construction Management Plan), 7 (Boundary Treatment Plan) and 8 (Materials) of permission ref. DMPA/2024/0905 relating to demolition of existing offices, workshops and stores and the erection of MOT testing station at",,https://www.planit.org.uk/planapplic/SouthDerbyshire/DMOT/2026/0990/,https://southderbyshire.my.site.com/s/planning-application/a0bP200000ETplRIAT,materials management plan
10,38.1,Leicester,20261087,Conditions,Small,Permitted,2026-07-17,2026-08-24,"Rowley Fields Petrol Filling Station, 510 Narborough Road",Part approval of details reserved by condition 2 (Land Contamination) attached to planning permission 20260615,See source,https://www.planit.org.uk/planapplic/Leicester/20261087/,https://planning.leicester.gov.uk/Planning/Display/20261087,land contamination
10,42.7,Wychavon,W/26/01713/CCO,Conditions,Small,Permitted,2026-07-24,2026-07-30,Derwendeg Ladywood Droitwich Spa WR9 0AL,Discharge of Condition 4 (Ground Investigation Report) of planning permission W/25/01511/FUL.,See source,https://www.planit.org.uk/planapplic/Wychavon/W/26/01713/CCO/,https://plan.wychavon.gov.uk/Planning/Display/W/26/01713/CCO,ground investigation
10,43.1,Charnwood,P/26/1506/2,Conditions,Small,Undecided,2026-08-07,,"Black Birds Nest, Deans Lane, Woodhouse Eaves, Leicestershire, LE12 8TE","Discharge of Condition 13 (Landscape and Environment Management Plan) of Planning Application ref: P/26/0228/2 (Section 73 Variation and part retrospective (section 73A) of Conditions 2 (Approved drawings), 3 (Surface and Foul Water), 4 (Ecology), 7 (Landscaping), 10 (Materials), 12 (Renewable Energy) of Planning Application ref: P/23/0512/2 (Proposed demolition of existing manege, stables, double garage, kennels, swimming pool and detached house and erection of a replacement dwelling and detached garages together with associated landscaping and access / parking alterations. Conversion of existing outbuilding to a self-contained two-bedroom ancillary annex). Plans amended to alter house design, retain extension to annex conversion, introduce water heat exchange in lieu of ground source heating, alter size and depth of pond and others amended to compliance conditions)",See source,https://www.planit.org.uk/planapplic/Charnwood/P/26/1506/2/,https://planningexplorer.charnwood.gov.uk/Assure/ES/Presentation/Planning/OnlinePlanning/OnlinePlanningOverview?applicationNumber=P%2F26%2F1506%2F2,materials management plan
10,43.3,East Staffordshire,P/2026/00681,Conditions,Small,Permitted,2026-06-18,2026-07-22,HURDS FARM PINFOLD LANE BROMLEY HURST ABBOTS BROMLEY WS15 3AD,Details required by condition 5 (contaminated land) of planning permission P/2022/00241 relating to prior approval for the conversion of existing barn to form a dwelling.,Duckworth Planning and Design Ltd,https://www.planit.org.uk/planapplic/EastStaffordshire/P/2026/00681/,https://eaststaffs-publicportal.statmap.co.uk/horizoNext/publicportal/planningapplications/643963,land contamination
10,46.9,Wychavon,W/26/01424/CCO,Conditions,Small,Unresolved,2026-06-18,2026-07-16,Milestone Ground Childswickham Road Broadway WR12 7HA,"Discharge of conditions 3(CEMP:Biodiversity),4(HMMP),5( Wildlife boxes),7( Lighting Strategy),8(SUDS/Surface water drainage plans),9(Surface water drainage strategy),10(Sustainable drainage strategy),11( Surface Water Management Plan),12 a and b (Written Scheme of Investigation),13(Control of Ground works),14(Construction Management Plan) and highway condition survey,15(Contaminated Land),18(Surface water access),19 (Street lighting)20(External Materials) and 24 (Site Access Schedule of works) of planning application W/25/00107/FUL.",See source,https://www.planit.org.uk/planapplic/Wychavon/W/26/01424/CCO/,https://plan.wychavon.gov.uk/Planning/Display/W/26/01424/CCO,materials management plan
10,47.1,Harborough,26/00632/PCD,Conditions,Small,Permitted,2026-05-05,2026-07-01,Land East Of Zouche Way Bushby Leicestershire,Discharge of Conditions 17 (Risk Based Land Contamination Assessment) and 22 (Infiltration Testing) of 25/00219/FUL,See source,https://www.planit.org.uk/planapplic/Harborough/26/00632/PCD/,https://pa2.harborough.gov.uk/online-applications/applicationDetails.do?keyVal=TEKKFVHWG3400&activeTab=summary,land contamination
10,48.3,West Northamptonshire,2026/3571/LDE,Amendment,Small,Undecided,2026-08-17,,Kiln Farm Manor Road Sulgrave OX17 2SE,"Asbestos removal, demolition and site clearance carried out to confirm that work legally began before the planning application permission's expiry date of planning application 2024/2136/FULL.",See source,https://www.planit.org.uk/planapplic/WestNorthamptonshire/2026/3571/LDE/,https://wnc.planning-register.co.uk/Planning/Display/2026/3571/LDE,asbestos
10,48.8,Harborough,26/00895/PCD,Conditions,Small,Permitted,2026-06-22,2026-09-01,South View Farm Main Street Tur Langton Leicestershire LE8 0PJ,"Discharge of Conditions 4ii (Self-build), 5 (CEMP), 7 (Levels) and 8 (Land Contamination Report) of 24/00216/OUT",Msquare Architects Ltd,https://www.planit.org.uk/planapplic/Harborough/26/00895/PCD/,https://pa2.harborough.gov.uk/online-applications/applicationDetails.do?keyVal=TH1J86HWGYF00&activeTab=summary,land contamination
10,49.5,Malvern Hills,M/26/01119/CCO,Conditions,Small,Permitted,2026-07-22,2026-07-31,Land At (Os 8550 5099) Bath Road Broomhall,"Discharge of Condition 21 (risk assessment, site investigation and remediation scheme) of planning application 21/01217/FUL",See source,https://www.planit.org.uk/planapplic/MalvernHills/M/26/01119/CCO/,https://plan.malvernhills.gov.uk/Planning/Display/M/26/01119/CCO,remediation
10,51.8,Derby,26/00783/DISC,Conditions,Small,Undecided,2026-06-15,,77 Blagreaves Lane Derby DE23 1FQ,"Discharge of condition Nos 3 (Construction Management Plan) , 6 (Materials) and 7 (Species Enhancement Plan) of previously approved permission 25/01115/FUL - Demolition of dwelling house and garage. Erection of a replacement dwelling house (Use Class C3) and entrance gates - self/custom build development",Spark Design and Planning,https://www.planit.org.uk/planapplic/Derby/26/00783/DISC/,https://eplanning.derby.gov.uk/online-applications/applicationDetails.do?activeTab=summary&keyVal=TGOF07FSN1500,materials management plan
10,52.3,Derby,26/01172/DISC,Conditions,Small,Undecided,2026-09-04,,Site Of Former Showcase Cinema Foresters Park Centre Sinfin Lane Derby DE23 8AG,"Discharge of conditions 4 (vent/flue details) and 6 (plant equipment) in respect of one unit (Starbucks) of planning permission 25/00306/FUL - Demolition of the existing cinema and erection of three retail and commercial units with associated drive-thru facilities, parking and landscaping",The Harris Partnership Limited,https://www.planit.org.uk/planapplic/Derby/26/01172/DISC/,https://eplanning.derby.gov.uk/online-applications/applicationDetails.do?keyVal=TKTVHJFSGIH00&activeTab=summary,demolition
10,54.8,Derby,26/00945/DISC,Conditions,Small,Undecided,2026-09-04,,Rolls Royce PLC Raynesway Derby DE21 7BE,"Discharge of condition 8 (CEMP Biodiversity) in respect of the South Road (adjoining Cricket Club) area of previously approved application no. 23/00817/OUT - Outline planning permission with all matters reserved is sought for up to 104,430sqm of manufacturing (Use Class B2) and ancillary office (Use Class E) and storage (Use Class B8) floorspace, and a multi-storey car park, with associated infrastructure including internal vehicle routes, reconfigured car parking, cycle parking, drainage, hard and soft landscaping, utilities, earthworks and demolition of existing buildings.",WSP,https://www.planit.org.uk/planapplic/Derby/26/00945/DISC/,https://eplanning.derby.gov.uk/online-applications/applicationDetails.do?keyVal=TIH9IUFS02500&activeTab=summary,demolition
10,54.8,Derby,26/01076/DISC,Conditions,Small,Undecided,2026-09-03,,Rolls Royce PLC Raynesway Derby DE21 7BE,"Discharge of conditions 15 (LBEMP), 16 (Arboriculture) and 17 (BREEAM) in respect of Attenuation Tank 4 of previously approved application no. 23/00817/OUT - Outline planning permission with all matters reserved is sought for up to 104,430sqm of manufacturing (Use Class B2) and ancillary office (Use Class E) and storage (Use Class B8) floorspace, and a multi-storey car park, with associated infrastructure including internal vehicle routes, reconfigured car parking, cycle parking, drainage, hard and soft landscaping, utilities, earthworks and demolition of existing buildings.",WSP,https://www.planit.org.uk/planapplic/Derby/26/01076/DISC/,https://eplanning.derby.gov.uk/online-applications/applicationDetails.do?keyVal=TJPTEYFS02500&activeTab=summary,demolition
10,54.8,Derby,26/01075/DISC,Conditions,Small,Undecided,2026-09-03,,Rolls Royce PLC Raynesway Derby DE21 7BE,"Discharge of condition 8 (CEMP: Biodiversity) in respect of Attenuation Tank 4 of previously approved application no. 23/00817/OUT - Outline planning permission with all matters reserved is sought for up to 104,430sqm of manufacturing (Use Class B2) and ancillary office (Use Class E) and storage (Use Class B8) floorspace, and a multi-storey car park, with associated infrastructure including internal vehicle routes, reconfigured car parking, cycle parking, drainage, hard and soft landscaping, utilities, earthworks and demolition of existing buildings.",WSP,https://www.planit.org.uk/planapplic/Derby/26/01075/DISC/,https://eplanning.derby.gov.uk/online-applications/applicationDetails.do?keyVal=TJPRVUFS02500&activeTab=summary,demolition
10,54.8,Derby,26/01053/DISC,Conditions,Small,Undecided,2026-08-27,,Rolls Royce PLC Raynesway Derby DE21 7BE,"Discharge of conditions 10 (Sustainable Drainage Strategy) and 14 (Drainage Scheme) in respect of Attenuation Tank 4 of previously approved application no. 23/00817/OUT - Outline planning permission with all matters reserved is sought for up to 104,430sqm of manufacturing (Use Class B2) and ancillary office (Use Class E) and storage (Use Class B8) floorspace, and a multi-storey car park, with associated infrastructure including internal vehicle routes, reconfigured car parking, cycle parking, drainage, hard and soft landscaping, utilities, earthworks and demolition of existing buildings.",WSP,https://www.planit.org.uk/planapplic/Derby/26/01053/DISC/,https://eplanning.derby.gov.uk/online-applications/applicationDetails.do?keyVal=TJLVC1FS02500&activeTab=summary,demolition
10,55.5,Derby,26/01181/DISCLB,Conditions,Small,Undecided,2026-09-07,,8 Iron Gate Derby DE1 3AL,"Discharge of conditions 3 (Service Runs), 14 (Historical Building Recording) and 15 (Floor Levels) of previously approved application no. 23/00227/LBA - Renovation and conversion works to Listed Building including change of use from combined retail and bistro (E(a) and E(b)) to mixed use including retail, restaurant, offices and 8no. market flats (uses E(a), E(b), E(c) and C3). Works include renovation and repair to building envelope, removal of internal partitions, fixtures and fittings, layout alterations, partial demolition works to rear of no. 8, provision of new entrances and glazing to rear and rooftop extension at second floor.",DYAD Design Ltd,https://www.planit.org.uk/planapplic/Derby/26/01181/DISCLB/,https://eplanning.derby.gov.uk/online-applications/applicationDetails.do?keyVal=TKZNVYFSGK100&activeTab=summary,demolition
10,55.6,West Oxfordshire,26/01442/CND,Conditions,Small,Permitted,2026-06-11,2026-07-14,Cotswolds Hotel And Spa Southcombe Chipping Norton Oxfordshire OX7 5QH,"Discharge of condition 3 (schedule of materials), 6 (contamination remediation strategy), 7 (verification report for remediation strategy), and 20 (Construction Traffic Management Plan) of planning permission 25/01327/FUL",See source,https://www.planit.org.uk/planapplic/WestOxfordshire/26/01442/CND/,https://publicaccess.westoxon.gov.uk/online-applications/applicationDetails.do?keyVal=TGH0HJRKMV000&activeTab=summary,materials management plan
10,58.0,Malvern Hills,M/26/00866/CCO,Conditions,Small,Permitted,2026-06-04,2026-07-30,7 Upper Chase Road Malvern WR14 2BT,Discharge of condition 6 parts1-6 (Contaminated Land Investigation) of planning permission M/25/00485/FUL.,See source,https://www.planit.org.uk/planapplic/MalvernHills/M/26/00866/CCO/,https://plan.malvernhills.gov.uk/Planning/Display/M/26/00866/CCO,land contamination
10,82.1,Stroud,S.26/0849/DISCON,Conditions,Medium,Rejected,2026-05-13,2026-07-16,Land At Colethrop Farm Bath Road Hardwicke Gloucester Gloucestershire,"Discharge of condition 12 (contaminated land) from S.15/1498/VAR for parcels R2, R6, R8 and R10b only",See source,https://www.planit.org.uk/planapplic/Stroud/S.26/0849/DISCON/,https://publicaccess.stroud.gov.uk/online-applications/applicationDetails.do?keyVal=TEZ6Z3PNH8Z00&activeTab=summary,land contamination
10,85.0,Oxford,26/01181/VAR,Conditions,Medium,Undecided,2026-05-14,,Littlemore House 33 Armstrong Road And Plot 18 Oxford Science Park Sanders Road Oxford Oxfordshire OX4 4FY,"Variation of condition 2 (Approved plans), 25 (Landscape surface design - tree roots), 35 (LEMP - plot 18), 36 (Ecological enhancements), 41 (Drainage Strategy) and 44 (Drainage maintenance and management) of planning permission 24/02975/VAR (Variation of condition 2 (Approved plans), 3 (Materials) and 42 (Drainage strategy) of planning permission 24/00972/VAR (Variation of condition 2 (Approved plans) of planning permission 22/02969/FUL (Partial demolition of and alterations to Littlemore House. Erection of 1no. research and development building (Use Class E) at Littlemore House with ancillary accommodation, clinic, educational floor space and restaurant and erection of 1 no. research and development building (Use Class E) and 1no. building to accommodate servicing plant and bicycle parking facilities at plot 18 of the Oxford Science Park. Erection of an elevated walkway, linking Littlemore House and plot 18 of the Oxford Science Park, new access arrangements, parking, landscaping, engineering and ground modelling works (amended address) (amended documents)) to allow alterations to the footprint of the MRI area of the proposed basement at Littlemore House.) to allow alterations to architectural louvres, glazing unit design, minor shifts in building footprint, increase in height of annex, increase in basement footprints, amend drainage strategy and amend wording of condition 3. (Amended plans and description) to allow amendments to the Armstrong Road access, a reduction in the restaurant terrace, amendments to the landscaping, drainage strategy, reduction in car park footprint and parking bays, erection of an ancillary storage building, removal of footbridge and extension of footpath into the site, alterations to the S106 pedestrian and cycle path and design changes to the water feature. (Amended description of development)",See source,https://www.planit.org.uk/planapplic/Oxford/26/01181/VAR/,https://public.oxford.gov.uk/online-applications/applicationDetails.do?activeTab=summary&keyVal=TF18UFMFGUM00,materials management plan
10,89.8,Stroud,S.26/1012/DISCON,Conditions,Medium,Rejected,2026-06-10,2026-09-07,Land North Of Bath Road Bath Road Leonard Stanley Gloucestershire,"Discharge of condition 12 (materials), 13 (CEMP), 19 (CMP), 22 (crossing point) and 29 (contaminated land) from S.24/1165/FUL",,https://www.planit.org.uk/planapplic/Stroud/S.26/1012/DISCON/,https://publicaccess.stroud.gov.uk/online-applications/applicationDetails.do?activeTab=summary&keyVal=TGF8JFPNHT400,land contamination
10,90.2,North East Derbyshire,26/00542/DISCON,Conditions,Small,Undecided,2026-07-10,,Land To The North And North West Of The Homestead Dark Lane Calow,Application to discharge condition 25 (Drainage Verification Report) pursuant to planning application 24/00621/OL (Major Development/Affecting a Public Right),,https://www.planit.org.uk/planapplic/NorthEastDerbyshire/26/00542/DISCON/,https://planapps-online.ne-derbyshire.gov.uk/online-applications/applicationDetails.do?keyVal=THYSDBLIIPK00&activeTab=summary,verification report
10,91.9,Buckinghamshire,PL/26/06371/CONDA,Conditions,Small,Undecided,2026-08-07,,Westonmead Farm Aston Clinton Road Weston Turville Buckinghamshire HP22 5AB,Application for approval of details subject to part discharge of condition 25 (Remediation Works) of planning approval 17/04819/AOP,,https://www.planit.org.uk/planapplic/Bucks/PL/26/06371/CONDA/,https://publicaccess.buckinghamshire.gov.uk/online-applications/applicationDetails.do?keyVal=TJEEUNESKHD00&activeTab=summary,remediation
10,92.2,Huntingdonshire,26/80225/COND,Conditions,Small,Undecided,2026-08-27,,Colbrook Gate High Street Stilton,Discharge of Condition 4 C & D (Land Contamination) of 22/01440/S73.,,https://www.planit.org.uk/planapplic/Huntingdonshire/26/80225/COND/,https://publicaccess.huntingdonshire.gov.uk/online-applications/applicationDetails.do?keyVal=TKEXDDIKH5R00&activeTab=summary,land contamination
10,93.6,Vale of White Horse,P26/V3366/LDD,Conditions,Small,Undecided,2026-08-04,,115 Olympic Avenue Milton Park Abingdon OX14 4SA,"Discharge of conditions 1a(design guidance), 7(surface water drainage), 9(foul water drainage), 13(landscaping scheme), 18(access, parking and turning space), 20(travel plan) and 26a(land contamination) on application ref. P26/V1659/LDO External alterations and new external plant compound",Pro Vision,https://www.planit.org.uk/planapplic/WhiteHorse/P26/V3366/LDD/,https://valeofwhitehorse.planning-register.co.uk/Planning/Display?applicationNumber=P26%2FV3366%2FLDD,land contamination
10,95.3,Peterborough,26/002761/DISCHG,Conditions,Small,Undecided,2026-08-14,,Parcel R10Hampton WoodsLondon RoadPeterborough,23/00464/REM - Discharge of condition C8b (remediation) of reserved matters consent 23/00464/REM,,https://www.planit.org.uk/planapplic/Peterborough/26/002761/DISCHG/,https://planning.agileapplications.co.uk/peterborough/application-details/89190,remediation
10,96.5,Huntingdonshire,26/80197/COND,Conditions,Small,Undecided,2026-07-29,,Outbuildings Rear Of 30 And 32 High Street St Neots,Discharge of Condition 18 (parts c and d) (Remediation Scheme Reports) & Condition 14d (Archaeology Report) of planning permission reference 23/00609/FUL.,,https://www.planit.org.uk/planapplic/Huntingdonshire/26/80197/COND/,https://publicaccess.huntingdonshire.gov.uk/online-applications/applicationDetails.do?keyVal=TIXJB7IKGKX00&activeTab=summary,remediation
10,96.9,Newark and Sherwood,26/01228/DISCON,Conditions,Small,,2026-08-05,,The Old Forge Great North Road Cromwell Newark On Trent NG23 6JE,"Request for confirmation of Discharge of Conditons 3(a) (BNG), Condition 3(b), Condition 5(CEMP), Condition 6(a)(Contamination and Remediation), Condition 6(b) and Condition 7(Material samples) attached to PP 25/00727/FUL Demolition of existing buildings and construction of 5 Houses with associated works.",Jigsaw Planning and Development Ltd,https://www.planit.org.uk/planapplic/Newark/26/01228/DISCON/,https://publicaccess.newark-sherwooddc.gov.uk/online-applications/applicationDetails.do?activeTab=summary&keyVal=TJAFMTLBLWU00,remediation
10,97.4,North East Derbyshire,26/00617/DISCON,Conditions,Small,Undecided,2026-08-10,,Lidl Wreakes Lane Dronfield S18 1LY,"Application to discharge conditions 8 (external CCTV), 9 (vehicular barrier) , 11 (remediation), 13 (safety declaration) , 28 (pedestrian crossing) pursuant to planning application 22/01036/OL",,https://www.planit.org.uk/planapplic/NorthEastDerbyshire/26/00617/DISCON/,https://planapps-online.ne-derbyshire.gov.uk/online-applications/applicationDetails.do?activeTab=summary&keyVal=TJK71VLIJ3C00,remediation
10,99.2,Cotswold,26/02271/COMPLY,Conditions,Small,Undecided,2026-07-27,,Land And Building South Of The Old Stables Home Farm Easton Grey Road Westonbirt Gloucestershire,Compliance with condition 10 (land contamination) and 13 (drainage) of permission 23/02872/FUL Proposed conversion of building to dwelling,Mr J Phillips,https://www.planit.org.uk/planapplic/Cotswold/26/02271/COMPLY/,https://publicaccess.cotswold.gov.uk/online-applications/applicationDetails.do?keyVal=TIVNJIFI0UY00&activeTab=summary,land contamination
10,100.2,Sheffield,25/02319/COND3,Conditions,Small,Undecided,2026-08-10,,Ash House Ash House Lane Sheffield S17 3ET,Application to approve details in relation to condition no(s) 3. (Intrusive Site Investigation) 4. (Remediation Strategy Report) and 8. (Coal Mining - Further Site Investigations) as imposed by planning permission 25/02319/FUL,See source,https://www.planit.org.uk/planapplic/Sheffield/25/02319/COND3/,https://planningapps.sheffield.gov.uk/online-applications/applicationDetails.do?activeTab=summary&keyVal=TJJG2PNYMXP00,remediation
10,101.8,Sheffield,25/03456/COND2,Conditions,Small,Undecided,2026-07-28,,335 Ecclesall Road South Sheffield S11 9PW,"Application to approve details in relation to condition number(s): 4 (Phase 1 Preliminary Risk Assessment Report - land contamination and ground gas contamination), 8 (Surface Water Disposal), 10 (Construction Environmental Management Plan (CEMP)), 13 (Watercourse Survey) and 19 (External Materials) imposed by planning permission 25/03456/FUL",See source,https://www.planit.org.uk/planapplic/Sheffield/25/03456/COND2/,https://planningapps.sheffield.gov.uk/online-applications/applicationDetails.do?keyVal=TIVDE3NYMJ100&activeTab=summary,materials management plan
10,102.6,Sheffield,25/00183/COND1,Conditions,Small,Undecided,2026-06-22,,Site Of Former Abbey Glen Laundry Car Park Rydal Road Sheffield S8 0UR,"Application to approve details in relation to condition number(s): 3 (Construction Method Statement), 4 (Intrusive Site Investigation Report), 5 (Remediation Strategy Report), 13 (External Materials), 14 (Large Scale Details), and 18 (Biodiversity Enhancement Plan) imposed by planning permission 25/00183/FUL",See source,https://www.planit.org.uk/planapplic/Sheffield/25/00183/COND1/,https://planningapps.sheffield.gov.uk/online-applications/applicationDetails.do?activeTab=summary&keyVal=TH1DRLNYLDO00,remediation
10,102.8,Chester,26/02572/DIS,Conditions,Small,Undecided,2026-08-14,,Wild Boar Hotel Whitchurch Road Beeston Chester CW6 9NW,Discharge of condition 8 (remediation) of 22/02622/FUL,See source,https://www.planit.org.uk/planapplic/Chester/26/02572/DIS/,https://pa.cheshirewestandchester.gov.uk/online-applications/applicationDetails.do?keyVal=TJRG6XTEL3R00&activeTab=summary,remediation
10,103.4,South Cambridgeshire,23/03311/CONDA,Conditions,Small,Undecided,2026-08-26,,Rose Villa Little Heath Gamlingay Cambridgeshire SG19 3LL,"Submission of details required by condition 3 (Surface water drainage scheme), 4 (Biodiversity Net Gain (BNG) Plan), 5 (Contaminated land), 6 (Remediation compliance), 8 (Scheme of ecology enhancement), 9 (lighting design strategy for biodiversity), 10 (Hard and Soft Landscaping), 12 (Cycle storage), 17 (Energy Statement), 20 (Materials), 21 (EV charging points) and 22 (Household waste collection) of planning permission 23/03311/FUL",CROE Architects,https://www.planit.org.uk/planapplic/SouthCambs/23/03311/CONDA/,https://applications.greatercambridgeplanning.org/online-applications/applicationDetails.do?keyVal=TKDM40DXN4Z00&activeTab=summary,land contamination
10,103.6,Bassetlaw,26/00719/COND,Conditions,Small,Undecided,2026-06-12,,Manor Farm Twyford Lane Elkesley Nottinghamshire DN22 8AS,"Discharge of Conditions 3 (External Facing Materials), 4 (Window and Door Details), 5 (Brick Bond), 6 (Rainwater Goods), 7 (Treatment of Eaves and Verges) and 12 (Phase II Ground Investigation) on P/A 22/01659/FUL - Conversion of Existing Barns to Provide Three New Dwellings and the Erection of New Single Dwelling with Garages",,https://www.planit.org.uk/planapplic/Bassetlaw/26/00719/COND/,https://publicaccess.bassetlaw.gov.uk/online-applications/applicationDetails.do?activeTab=summary&keyVal=TGIZNBCS04S00,ground investigation
10,103.6,Bassetlaw,26/00763/COND,Conditions,Small,Undecided,2026-06-12,,Manor Farm Twyford Lane Elkesley Nottinghamshire DN22 8AS,"Discharge of Conditions 3 (External Facing Materials), 4 (Window and Door Details), 5 (Brick Bond), 6 (Rainwater Goods), 7 (Treament of Eaves and Verges) and 12 (Phase II Ground Investigation) on P/A 22/01658/FUL - Conversion of a Single Storey Barn to Provide a New Dwelling and Construction of Four New Dwellings",,https://www.planit.org.uk/planapplic/Bassetlaw/26/00763/COND/,https://publicaccess.bassetlaw.gov.uk/online-applications/applicationDetails.do?activeTab=summary&keyVal=TH2UGXCS02I00,ground investigation
10,103.7,Sheffield,25/03736/COND3,Conditions,Small,Undecided,2026-08-28,,Former Kenwood Suite Kenwood Road Sheffield S7 1NQ,Application to approve details in relation to condition number(s): 5 (Remediation) and 8 (Construction Environmental Management Plan (CEMP)) imposed by planning permission 25/03736/FUL,,https://www.planit.org.uk/planapplic/Sheffield/25/03736/COND3/,https://planningapps.sheffield.gov.uk/online-applications/applicationDetails.do?keyVal=TKH8Q1NYFTL00&activeTab=summary,remediation
10,104.5,Sheffield,17/00953/COND6,Conditions,Small,Undecided,2026-07-27,,84 Junction Road Woodhouse Sheffield S13 7RQ,Application to approve details in relation to condition no(s) 7 (Approved Remediation Strategy) as imposed by planning permission 17/00953/FUL.,,https://www.planit.org.uk/planapplic/Sheffield/17/00953/COND6/,https://planningapps.sheffield.gov.uk/online-applications/applicationDetails.do?activeTab=summary&keyVal=TITIPYNYMHD00,remediation
10,104.6,Sheffield,25/01770/COND1,Conditions,Small,Undecided,2026-08-21,,23 Whitworth Road Sheffield S10 3HD,"Application to approve details in relation to condition numbers 3 (Dust Mitigation), 4 (Tree Protection Measures), 6 (Surface Water), 7 to 11 (Land Contamination) and 12 (External Materials) relating to planning permission 25/01770/FUL and appeal decision APP/J4423/W/25/3375329",,https://www.planit.org.uk/planapplic/Sheffield/25/01770/COND1/,https://planningapps.sheffield.gov.uk/online-applications/applicationDetails.do?keyVal=TK4L8INYFMS00&activeTab=summary,land contamination
10,105.8,Dacorum,26/01423/DRC,Conditions,Small,Undecided,2026-06-24,,58 High Street Berkhamsted Hertfordshire HP4 2BP,Details as required by Condition 3 (Noise) Condition 5 (Contaminated Land) and Condition 7 (Hard and Soft Landscaping) attached to planning permission 25/02620/FUL,Sargeant Architects,https://www.planit.org.uk/planapplic/Dacorum/26/01423/DRC/,https://planning.dacorum.gov.uk/publicaccess/applicationDetails.do?keyVal=TH3BCRFOHQR00&activeTab=summary,land contamination
10,106.5,Sheffield,22/04051/COND5,Conditions,Small,Undecided,2026-08-27,,Avis Budget Acorn Street Sheffield S3 8UR,"Application to approve details in relation to condition number(s): 8 (Written Scheme of Investigation), 10 (Intrusive Investigation), 11 (Remediation), 19 (Surface Water Drainage Design), 20 (Flood Resistance Measures), 21 (Flood Plan) and 28 (Energy) imposed by planning permission 22/04051/FUL",See source,https://www.planit.org.uk/planapplic/Sheffield/22/04051/COND5/,https://planningapps.sheffield.gov.uk/online-applications/applicationDetails.do?keyVal=TKFLKTNYFSB00&activeTab=summary,remediation
10,106.6,Sheffield,23/04021/COND1,Conditions,Small,Undecided,2026-07-23,,Land Behind 6 To 30 Pool Place Between Cresswell Road And Prince Of Wales Road Cresswell Road Sheffield S9 4EU,"Application to approve details in relation to condition no(s) 7 (Land Contamination Investigation), 10 (Renewable or Low Carbon Energy), 11 (Ingress/Egress/Site Management), 12 (Cleaning of Wheels), 13 (Surface Water Drainage Design), 19 (External Materials), 22 (Bin Storage), 23 (Cycle Storage), and 25 (Boundary Treatments) as imposed by planning permission 23/04021/FUL.",See source,https://www.planit.org.uk/planapplic/Sheffield/23/04021/COND1/,https://planningapps.sheffield.gov.uk/online-applications/applicationDetails.do?activeTab=summary&keyVal=TIMHYJNYMEO00,materials management plan
10,108.6,Buckinghamshire,PL/26/04802/CONDA,Conditions,Small,Undecided,2026-06-11,,Castle Estate Turnpike Way Cressex Business Park High Wycombe Buckinghamshire,Application for approval of details subject to condition 18 (contaminated land assessment) for Phases 2 and 3A of planning approval 22/07252/FUL.,Montagu Evans,https://www.planit.org.uk/planapplic/Bucks/PL/26/04802/CONDA/,https://publicaccess.buckinghamshire.gov.uk/online-applications/applicationDetails.do?keyVal=TGH8NKESMQ700&activeTab=summary,land contamination
10,108.9,South Holland,H08-0797-26,Conditions,Small,Undecided,2026-08-24,,Riseholme Farm Windmill Lane Gosberton Risegate Spalding PE11 4ES,Details of verification report (Condition 9 of H08-0282-24),,https://www.planit.org.uk/planapplic/SouthHolland/H08-0797-26/,https://planning.sholland.gov.uk/OcellaWeb/planningDetails?reference=H08-0797-26&from=planningSearch,verification report
10,109.0,Stockport,DC/100095,Conditions,Small,Undecided,2026-09-02,,Bramhall High School Seal Road Bramhall Stockport SK7 2JT,Discharge of condition 14 (contaminated land) of planning permission DC/098847,PlanRed,https://www.planit.org.uk/planapplic/Stockport/DC/100095/,https://planning.stockport.gov.uk/PlanningData-live/applicationDetails.do?keyVal=TKQEITPJFSH00&activeTab=summary,land contamination
10,109.4,Brecon Beacons,26/24882/CON,Conditions,Small,Undecided,2026-08-27,,Land Adjoining Brecon Pharmaceuticals Gypsy Castle Lane Hay On Wye HR3 5LF,"Variation of Conditions 4 (LEEMP), 5 (Construction Phase Environmental Management Plan), 6 (Method Statement), 7 (External Lighting), 9 (Tree Protection Plan), 10 (Public Sewerage), 11 (Construction Method Statement), 14 (Contamination), 15 (Remediation Scheme), 17 (Contamination Monitoring and Maintenance Method Statement), 18 (Footway) pursuant to planning application 17/14686/OUT.",A B Planning,https://www.planit.org.uk/planapplic/BreconBeacons/26/24882/CON/,https://planningonline.beacons-npa.gov.uk/online-applications/applicationDetails.do?activeTab=summary&keyVal=TKFQS9SYJEC00,remediation
9,18.0,Birmingham,2026/05027/PA,Conditions,Medium,Undecided,2026-08-18,,Aston Villa Football Club Trinity Road Aston Birmingham B6 6HE,"Variation of conditions number 2 (approved plans), 3 (external materials and detailing), 5 (soft landscaping), 6 (energy and sustainability statement), 20 (BNG plan), 26 (sustainable drainage scheme) and 27 (sustainable drainage and operation management plan), attached to planning permission 2025/02905/PA to allow for facade alterations, amendments to access road and parking layouts, amendments to landscape and public realms, relocation and updates to external services and generator compound, updates and refinements to building form and layout, updates to sustainable construction statement and to amend the wording of conditions 3 ,26 and 27 to make these compliance conditions following the discharge of these conditions.",See source,https://www.planit.org.uk/planapplic/Birmingham/2026/05027/PA/,https://planning.birmingham.gov.uk/NECSWS/ES/Presentation/Planning/OnlinePlanning/OnlinePlanningOverview?applicationNumber=2026%2F05027%2FPA,materials management plan
9,43.4,Staffordshire,SCC/26/0062/VOC,Conditions,Medium,Undecided,2026-06-10,,"Land adjacent to the Severn Trent Water Sewage Treatment Works, Lichfield Road, Rugeley","Application to vary (not comply with) conditions 1 (Documents and Plans), 7 (Flood Risk and Surface Water Drainage Design Scheme), 8 ( Preliminary Ecological Appraisal), 12 (Layout of access drive, parking, servicing and turning areas), 19 (external materials), 21, (Odour Management Plan), 22 (Dust Management Plan), 23 (Pest Management Plan), 24 (noise assessment), 25 (acoustic barriers), 27 (feedstock), 30 (external lighting), and 31 (landscaping) of planning permission ref. S.18/09/4126 W to amend the site layout including changes to the drainage, ecology, construction traffic, external materials, noise mitigation, external lighting, and feedstock.",See source,https://www.planit.org.uk/planapplic/Staffordshire/SCC/26/0062/VOC/,https://planning.agileapplications.co.uk/staffordshire/application-details/29234,materials management plan
9,45.1,South Derbyshire,DMOT/2026/0615,Conditions,Medium,Permitted,2026-05-07,2026-08-06,"7a Pinfold Lane, Repton, Derby, DE65 6GH","Approval of details required by conditions 3 (Highway Construction Management Plan), 6 and 7 (Materials), 9 and 12 (Landscaping and Boundary Treatments) and partial discharge of condition 4 (Bat & Bird Boxes) of permission ref. DMPA/2023/0559 relating to the demolition of the existing dwelling and the erection of 4no. bungalows at",,https://www.planit.org.uk/planapplic/SouthDerbyshire/DMOT/2026/0615/,https://southderbyshire.my.site.com/s/planning-application/a0bP200000BL6YjIAL,materials management plan
9,48.4,Charnwood,P/26/1023/2,Conditions,Large,Conditions,2026-06-04,,"102 Main Street, Cossington, Leicestershire, LE7 4UX","Discharge of Condition 10 (Landscape Management Plan) of Planning Application ref: P/25/2059/2 (Variation of Conditions 2, 16, 17, 18 (approved plans) and 3 (materials), 4 (boundary treatment), 7 (levels), 8 (landscaping), 19 (surface water drainage), and 22 (infiltration testing) of P/21/1446/2 (Erection of 57 dwellings, alterations to existing access and associated works) - variation to allow for different builder and rewording to comply with submitted information)",,https://www.planit.org.uk/planapplic/Charnwood/P/26/1023/2/,https://planningexplorer.charnwood.gov.uk/Assure/ES/Presentation/Planning/OnlinePlanning/OnlinePlanningOverview?applicationNumber=P%2F26%2F1023%2F2,materials management plan
9,48.9,South Derbyshire,DMOT/2026/0716,Conditions,Medium,Undecided,2026-06-02,,"Land at Toyota Manufacturing UK, Derby, DE1 9TA","Approval of details required by Condition 3 (materials), Condition 4 (construction management plan), Condition 5 (solar panel spec), Condition 7 (surface water), Condition 8 (surface water), Condition 9 (soil management plan), and Condition 10 (drainage plans) of permission ref. DMPA/2025/1001 relating to Installation of ground mounted solar photovoltaic (PV) farm with ancillary infrastructure at",,https://www.planit.org.uk/planapplic/SouthDerbyshire/DMOT/2026/0716/,https://southderbyshire.my.site.com/s/planning-application/a0bP200000C5VlpIAF,materials management plan
9,64.8,Derbyshire Dales,23/01092/DCOND/6,Conditions,Small,Undecided,2026-08-28,,Ashbourne Methodist Church Church Street Ashbourne Derbyshire DE6 1AE,"Discharge of Conditions6 and 7 of application 23/01092/FUL - Construction of link extension, extensions to new garden entrance, Gateway accommodation and Chapel House, demolition of lean-to extension to Chapel House and new community garden with ramped access",Allan Joyce Architects Ltd,https://www.planit.org.uk/planapplic/DerbyshireDales/23/01092/DCOND/6/,https://planning.derbyshiredales.gov.uk/online-applications/applicationDetails.do?activeTab=summary&keyVal=TKGIXSFUG3F00,demolition
9,65.2,Rushcliffe,26/01054/DISCON,Conditions,Small,,2026-06-16,,A E Faulks Ltd The Wharf Main Street Hickling Nottinghamshire LE14 3AH,"Discharge conditions 5 (Written scheme of investigation), 6 (Site investigation), 7 (Remediation Scheme), 9 (Topsoil/Subsoil), 11 (Biodiveristy Management Plan) and 13 (Attenuation Pond) of planning permission 23/01651/FUL, and part discharge of Condition 4 (Method Statement) with regards to the first phase of construction works.",Allan Joyce Architects Ltd,https://www.planit.org.uk/planapplic/Rushcliffe/26/01054/DISCON/,https://planningon-line.rushcliffe.gov.uk/online-applications/applicationDetails.do?activeTab=summary&keyVal=TGOAWYNLMPH00,remediation
9,65.4,Nottingham,26/01220/PDS4,Conditions,Small,Permitted,2026-07-15,2026-08-19,Site Of Playing Field West Of Johnson Road Nottingham,Submission of details to discharge Condition 11 (Drainage Verification Reports prepared by a drainage consultant) and Condition 13 (External Lighting Scheme) of planning permission 25/00995/PFUL3.,,https://www.planit.org.uk/planapplic/Nottingham/26/01220/PDS4/,https://publicaccess.nottinghamcity.gov.uk/online-applications/applicationDetails.do?keyVal=TI7NTNLYK9900&activeTab=summary,verification report
9,65.9,Cheltenham,26/01393/DISCON,Conditions,Small,,2026-09-01,,86 - 90 Winchcombe Street Cheltenham Gloucestershire GL52 2NW,"Discharge of condition 3 (contaminated land), 4 (construction management plan), 5 (waste management plan), 6 (biodiversity enhancements), 9 (materials), 10 (design details), 20 (piling details) of planning permission 25/02051/FUL.",Coombes Everitt Architects Limited,https://www.planit.org.uk/planapplic/Cheltenham/26/01393/DISCON/,https://publicaccess.cheltenham.gov.uk/online-applications/applicationDetails.do?keyVal=TKME58ELLQN00&activeTab=summary,materials management plan
9,67.0,North Northamptonshire,26/01732/AOC,Conditions,Small,Permitted,2026-06-19,2026-07-20,15 Edmonds Close Wellingborough NN8 2QY,Approval of details reserved by condition pursuant to Condition 4 (SUDS Verification Report) of planning permission reference NW/23/00648/FUL,Forward Planning and Development,https://www.planit.org.uk/planapplic/NorthNorthamptonshire/26/01732/AOC/,https://publicaccess.northnorthants.gov.uk/online-applications/applicationDetails.do?keyVal=TGVWTNIUMNO00&activeTab=summary,verification report
9,67.5,North Northamptonshire,26/01303/AOC,Conditions,Small,Permitted,2026-05-14,2026-06-09,Land Area 27A Stanton Cross Roundhouse Way Wellingborough,An approval of details reserved by condition pursuant to condition 5(d) (Following completion of measures identified in the approved remediation scheme a verification report is to be submitted) of reserved matters consent reference NW/22/00589/REM (partial discharge).,BM3 Architecture Ltd,https://www.planit.org.uk/planapplic/NorthNorthamptonshire/26/01303/AOC/,https://publicaccess.northnorthants.gov.uk/online-applications/applicationDetails.do?keyVal=TF17QWIUL7X00&activeTab=summary,verification report
9,67.9,Cheltenham,26/00938/DISCON,Conditions,Small,Conditions,2026-06-10,2026-06-23,Ashgrove Farm Balcarras Road Charlton Kings Cheltenham Gloucestershire GL53 8QQ,"Discharge of conditions: 3 (contaminated land survey), 8 (construction environmental management plan) and 10 (ecology enhancements) of planning permission 25/02046/FUL.",,https://www.planit.org.uk/planapplic/Cheltenham/26/00938/DISCON/,https://publicaccess.cheltenham.gov.uk/online-applications/applicationDetails.do?keyVal=TGELOZEL08300&activeTab=summary,land contamination
9,67.9,Rutland,2026/0958/DIS,Conditions,Small,Undecided,2026-07-31,,7 Main Street Seaton Rutland LE15 9HU,"Discharge of condition(s) 5 (Construction Management Plan), 7 (Biodiversity Enhancement Scheme), Condition 9 (Materials), Condition 12 (Surface Water Drainage Scheme), Condition 15 (Hard & Soft Landscaping Scheme) in relation to application 2025/0898/FUL - Demolition of existing dwelling and replace with a new self-building dwelling and detached garage.",Class Q,https://www.planit.org.uk/planapplic/Rutland/2026/0958/DIS/,https://publicaccess.rutland.gov.uk/online-applications/applicationDetails.do?activeTab=summary&keyVal=TJ1PRINNK5C00,materials management plan
9,68.1,Cheltenham,26/00921/DISCON,Conditions,Small,Conditions,2026-06-08,2026-08-10,3 Warden Hill Road Cheltenham Gloucestershire GL51 3AU,"Discharge of conditions 3 (CTEMP), 4 (surface water drainage scheme), 5 (ground and slab levels), 12 (biodiversity enhancements) and 18 (land contamination method statement) of planning permission 25/02048/FUL.",Mark Le Grand & Co,https://www.planit.org.uk/planapplic/Cheltenham/26/00921/DISCON/,https://publicaccess.cheltenham.gov.uk/online-applications/applicationDetails.do?keyVal=TGAU2IELKX800&activeTab=summary,land contamination
9,69.2,Nottingham,26/01143/PDS4,Conditions,Small,Permitted,2026-07-02,2026-07-22,Heathfield Primary School Kersall Drive Campus Kersall Drive Nottingham Nottingham City NG6 9EU,"Discharge of condition 17 (Remediation verification for plots 1-4, 29-32 & 39-41) of 19/01270/PFUL3",,https://www.planit.org.uk/planapplic/Nottingham/26/01143/PDS4/,https://publicaccess.nottinghamcity.gov.uk/online-applications/applicationDetails.do?keyVal=THJ7NFLYI3H00&activeTab=summary,remediation
9,69.2,Nottingham,26/00804/PDS4,Conditions,Small,Permitted,2026-05-15,2026-06-19,Heathfield Primary School Kersall Drive Campus Kersall Drive Nottingham Nottingham City NG6 9EU,Discharge condition 16 (Noise Verification Report) of planning permission reference 19/01270/PFUL3,,https://www.planit.org.uk/planapplic/Nottingham/26/00804/PDS4/,https://publicaccess.nottinghamcity.gov.uk/online-applications/applicationDetails.do?keyVal=TF2BAYLYIA400&activeTab=summary,verification report
9,69.9,Buckinghamshire,PL/26/06806/VRC,Conditions,Small,Undecided,2026-08-25,,Land To The Rear Of High Green Nash Road Thornborough MK18 2DP,Removal of condition 10 (HMMP - Habitat Management Monitoring Plan) attached to planning permission PL/25/3680/FA (Erection of a single-storey dwellinghouse and associated landscaping following the demolition of a single storey dwelling and outbuilding),MWT Architecture Ltd,https://www.planit.org.uk/planapplic/Bucks/PL/26/06806/VRC/,https://publicaccess.buckinghamshire.gov.uk/online-applications/applicationDetails.do?keyVal=TK9UD1ES0R600&activeTab=summary,demolition
9,72.8,Tewkesbury,26/00102/CONDIS,Conditions,Small,Undecided,2026-08-25,,Abbots Lodge Farm Base Lane Sandhurst Gloucester Gloucestershire GL2 9NJ,"Application for approval of details subject to condition(s) 5 (CEMP), 7 (Site investigation of the nature and extent of contamination), 9 (Bat Licence) of the planning permission 22/01151/FUL for demolition of agricultural buildings and the conversion and erection of four dwellings.",See source,https://www.planit.org.uk/planapplic/Tewkesbury2/26/00102/CONDIS/,https://publicaccess.tewkesbury.gov.uk/online-applications/applicationDetails.do?activeTab=summary&keyVal=TKBHMWQDH7900,demolition
9,75.1,Gloucester,26/00740/CONDIT,Conditions,Small,,2026-08-17,,Former Interbrew Eastern Avenue Gloucester GL4 6SW,"Discharge of Condition 12, Part 3 (Contaminated Land) of permission ref. 23/01035/FUL. Original permission was for the redevelopment of the site to provide a Warehouse Club (Sui Generis) etc.",Firstplan Ltd,https://www.planit.org.uk/planapplic/Gloucester/26/00740/CONDIT/,https://publicaccess.gloucester.gov.uk/online-applications/applicationDetails.do?activeTab=summary&keyVal=TJWN7HHMLI000,land contamination
9,76.3,Rushcliffe,26/01407/DISCON,Conditions,Small,,2026-08-19,,The Maltings Poultry Farm Abbey Lane Aslockton Nottinghamshire NG13 9AE,"Discharge of Conditions 3 (Landscaping), 6 (Bin store), 7 (Tree Protection - Plot 2), 8 (Electric Vehicle Charging Points (EVCP)), 9 (Gas Protection - Remediation Method Statement) and 11 (Ecological enhancements) from planning permission 25/00600/FUL",See source,https://www.planit.org.uk/planapplic/Rushcliffe/26/01407/DISCON/,https://planningon-line.rushcliffe.gov.uk/online-applications/applicationDetails.do?activeTab=summary&keyVal=TJZ1TRNLG4600,remediation
9,82.1,South Oxfordshire,P26/S2464/DIS,Conditions,Small,Permitted,2026-06-19,2026-09-03,The Hazels Old Road Shotover Hill Headington OX3 8TA,"Discharge Condition 7 (Contaminated Land - Remediation Strategy) of applicaiton ref. P21/S5144/FUL Variation of conditions 2 (Approved plans), 3 (Levels), 4(Landscaping Scheme), 5(Surface water drainage works), 6(Foul drainage works) & 7(Contaminated Land (preliminary risk assessment) (As amplified by Phase I Desk Study and Phase II Ground Investigation January 2022 and Remediation Strategy received 8 August 2022) in application P20/S2047/FUL. Variation to proposed design and inclusion of single storey garage. (As amplified by additional drainage plan received 3 February 2022 and site plan received 1 July 2022) (Proposed infill dwelling (4-bed) and associated works and operations). (Proposed infill dwelling (4-bed) and associated works and operations).",,https://www.planit.org.uk/planapplic/SouthOxfordshire/P26/S2464/DIS/,https://southoxfordshire.planning-register.co.uk/Planning/Display?applicationNumber=P26%2FS2464%2FDIS,land contamination
9,83.8,Oxford,12/01424/CND2,Conditions,Small,Permitted,2026-06-19,2026-08-14,Land Forming The Site Of Arc Oxford Garsington Road Oxford Oxfordshire OX4 2DQ,"Details submitted in compliance with conditions 11 (Arch - Implementation of programme), 12 (Drainage Strategy) 15 (Contaminated Land) of planning permission 12/01424/EXT",See source,https://www.planit.org.uk/planapplic/Oxford/12/01424/CND2/,https://public.oxford.gov.uk/online-applications/applicationDetails.do?keyVal=TGVADTMFKDN00&activeTab=summary,land contamination
9,84.0,North East Derbyshire,26/00487/DISCON,Conditions,Small,Conditions,2026-06-19,2026-07-16,69 Ashover Road Old Tupton Chesterfield S42 6HQ,"Application to discharge condition 5 (ground gas remediation works), 7 (safe site declaration) and 11 (lighting scheme) pursuant to planning application 23/00129/FL",Davey Stone Associates,https://www.planit.org.uk/planapplic/NorthEastDerbyshire/26/00487/DISCON/,https://planapps-online.ne-derbyshire.gov.uk/online-applications/applicationDetails.do?keyVal=TGVLAILIIFY00&activeTab=summary,remediation
9,84.2,South Oxfordshire,P26/S2937/DIS,Conditions,Small,Permitted,2026-07-15,2026-08-24,"Oxford Brookes University, Waterperry Road, Holton, Oxford, OX33 1HX",Discharge condition 10 (Phased Risk Assessment and Remediation Strategy) of outline permission P17/S4254/O.,Savills UK,https://www.planit.org.uk/planapplic/SouthOxfordshire/P26/S2937/DIS/,https://southoxfordshire.planning-register.co.uk/Planning/Display?applicationNumber=P26%2FS2937%2FDIS,remediation
9,84.6,Oxford,25/02744/CND2,Conditions,Small,Permitted,2026-05-08,2026-08-06,Former Dominion Oils Site Railway Lane Oxford Oxfordshire OX4 4PY,"Details submitted in compliance with conditions 25 (contaminated land risk assessment), 26 (remediation), 27 (Unexpected contamination) of planning permission 25/02744/VAR.",See source,https://www.planit.org.uk/planapplic/Oxford/25/02744/CND2/,https://public.oxford.gov.uk/online-applications/applicationDetails.do?activeTab=summary&keyVal=TEPW5RMFGAE00,land contamination
9,85.4,Newark and Sherwood,26/01071/DISCON,Conditions,Small,Conditions,2026-07-10,2026-09-03,Hearty Goodfellow Public House 81 Church Street Southwell NG25 0HQ,"Request for confirmation of Discharge of Condition 4 (replacement of asbestos roofing material) attached to PP 25/02080/FUL Reroofing of the plan pub building, including sections of single storey rear extensions including replacement of asbestos sheeting to the rear roof plane (All materials to match the existing, with the exception of the asbestos section).",TMDP LLP,https://www.planit.org.uk/planapplic/Newark/26/01071/DISCON/,https://publicaccess.newark-sherwooddc.gov.uk/online-applications/applicationDetails.do?keyVal=THY53ILBLHD00&activeTab=summary,asbestos
9,86.3,Shropshire,26/01964/DIS,Conditions,Small,Conditions,2026-05-26,2026-07-03,The Olde Threshing Barn Pontesford Shrewsbury Shropshire SY5 0UA,Discharge of Conditions 8 (Coal Mine Gases Assessment) 9 (Detailed Remediation Scheme) and 10 (Verification Report) for planning application number 25/00850/FUL,Moss Co LLP,https://www.planit.org.uk/planapplic/Shropshire/26/01964/DIS/,https://pa.shropshire.gov.uk/online-applications/applicationDetails.do?activeTab=summary&keyVal=TFNBFZTD0C800,verification report
9,86.5,Shropshire,26/02286/DIS,Conditions,Small,Conditions,2026-06-23,2026-07-28,Maple Cottage Pontesford Shrewsbury Shropshire SY5 0UA,"Discharge Conditions 3 (contaminated land), 4 (mine risk assessment), 5 (archaeology), 6 (surface water drainage), 7 (landscaping), 8 (external cladding), 9 (bat and bird boxes) and 10 (external lighting) of planning permission No. 24/03594/FUL",Roger Parry & Partners LLP,https://www.planit.org.uk/planapplic/Shropshire/26/02286/DIS/,https://pa.shropshire.gov.uk/online-applications/applicationDetails.do?activeTab=summary&keyVal=TGSFMCTDJA300,land contamination
9,89.2,Stroud,S.26/0952/DISCON,Conditions,Small,Permitted,2026-06-02,2026-06-11,12 Friday Street Minchinhampton Stroud Gloucestershire GL6 9JL,Discharge of condition 4 (dust and asbestos) from S.25/2221/HHOLD.,See source,https://www.planit.org.uk/planapplic/Stroud/S.26/0952/DISCON/,https://publicaccess.stroud.gov.uk/online-applications/applicationDetails.do?keyVal=TFZVQEPNHLV00&activeTab=summary,asbestos
9,92.4,Bolsover,23/00463/DCON04,Conditions,Medium,Conditions,2026-06-10,2026-08-14,Land To The Rear Of 57 To 111 Shuttlewood Road North Of Mill Lane And West Of Nether View Bolsover,Discharge of Condition 24 - (Remediation and Verification Strategy - 4501) and (Validation Report - 4515) of planning application 23/00463/FUL,,https://www.planit.org.uk/planapplic/Bolsover/23/00463/DCON04/,https://publicaccess.bolsover.gov.uk/online-applications/applicationDetails.do?keyVal=TGEZEQDDLOK00&activeTab=summary,verification report
8,5.9,Solihull,PL/2026/01238/DIS,Conditions,Small,Undecided,2026-07-03,,Pheasants Oak Farm Hob Lane Burton Green Solihull CV7 7GX,"Discharge of conditions 6 (Design Code), 8 (materials), 12 (Hard and Soft Landscaping), 14 (External Lighting), 15 (CEMP), 16 (LEMP), 17 (Habitat Connectivity) 19 (Open Space and Play Area) 27 (Construction Management Plan) and 30 (Amphibian Protection measures) following planning approval PL/2023/02214/PPOL.",,https://www.planit.org.uk/planapplic/Solihull/PL/2026/01238/DIS/,https://publicaccess.solihull.gov.uk/online-applications/applicationDetails.do?activeTab=summary&keyVal=THL86UOEKQV00,materials management plan
8,8.2,North Warwickshire,2026/0602/AVC,Conditions,Small,Undecided,2026-08-06,,Blyth Lodge Blythe Road Coleshill B46 2AA,Variation of condition 2 (Approved plans) of permission PAP/2025/0406 (Listed Building Consent for Single storey rear extension to the Grade II listed railway cottage and associated remedial works and installation of cabin),Thurston King Architects,https://www.planit.org.uk/planapplic/NorthWarwickshire/2026/0602/AVC/,https://planning.northwarks.gov.uk/Planning/Display?applicationNumber=2026%2F0602%2FAVC,remediation
8,9.5,Birmingham,2026/02941/PA,Conditions,Small,Conditions,2026-05-29,2026-08-03,2219 Coventry Road Birmingham Sheldon B26 3EG,Application to determine the details for condition numbers 3. (external materials ) 4. (hard surfacing materials) 7. (Bird/bat boxes) 9. (Landscape and Ecological Management Plan) 10. (BNG Plan) 11. (Planting scheme) and 15. (Construction Management Plan - Demolition Phase Only) attached to planning application 2025/02810/PA,See source,https://www.planit.org.uk/planapplic/Birmingham/2026/02941/PA/,https://planning.birmingham.gov.uk/NECSWS/ES/Presentation/Planning/OnlinePlanning/OnlinePlanningOverview?applicationNumber=2026%2F02941%2FPA,materials management plan
8,10.6,Solihull,PL/2026/01047/DIS,Conditions,Small,Undecided,2026-06-02,,33 Woodchester Road Dorridge Solihull B93 8EN,"Discharge condition Nos. 3 (Materials), 4 (Tree protection barriers), 5 (Hard and Soft Landscaping), 6 (Drainage), 7 (Patio Construction details), 10 (Construction Management Plan), 12 (Biodiversity Enhancement Plan) and 14 (Biodiversity Gain Plan) following planning approval PL/2025/00789/PPFL dated 13.11.2025 to Erect replacement dwelling",Neil Boddison Associates Ltd,https://www.planit.org.uk/planapplic/Solihull/PL/2026/01047/DIS/,https://publicaccess.solihull.gov.uk/online-applications/applicationDetails.do?activeTab=summary&keyVal=TFZVKMOEK2F00,materials management plan
8,14.0,Birmingham,2026/03453/PA,Conditions,Small,Undecided,2026-06-24,,Block K Vantage Way Erdington Birmingham B24 9GZ,Application to determine the details for condition number (13-Submission of hard surfacing materials 15- Submission of boundary treatment details 16- Submission of a landscape management plan 17- Submission of details of bird/bat boxes ) attached to reference number 2024/04974/PA,See source,https://www.planit.org.uk/planapplic/Birmingham/2026/03453/PA/,https://planning.birmingham.gov.uk/NECSWS/ES/Presentation/Planning/OnlinePlanning/OnlinePlanningOverview?applicationNumber=2026%2F03453%2FPA,materials management plan
8,15.5,Birmingham,2026/03643/PA,Conditions,Small,Undecided,2026-07-01,,"136 136-138 Washwood Heath Road, Saltley Birmingham B8 1RW",Application to determine the details for condition number (6- Materials used match the main building 13- Construction Method Statement/Management Plan 14- Prevent mud on the highway 15- Prevents occupation until the turning and parking area has been constructed 17- Gate Position 19-siting/design of the access 20- Details of pavement boundary 21-Parking management strategy 22- Secure & undercover cycle storage 23- Pedestrian visibility splays) attached to reference number 2023/06575/PA,See source,https://www.planit.org.uk/planapplic/Birmingham/2026/03643/PA/,https://planning.birmingham.gov.uk/NECSWS/ES/Presentation/Planning/OnlinePlanning/OnlinePlanningOverview?applicationNumber=2026%2F03643%2FPA,materials management plan
8,17.4,Birmingham,2026/03134/PA,Conditions,Small,Undecided,2026-06-12,,Highcroft Hospital Slade Road Birmingham B23 7LA,Application to determine the details for condition number (3-Submission and approval of external materials 5-Submission of hard surfacing materials 8-Submission of details of bird/bat boxes 10-A landscape and ecological management plan (LEMP) 12- Submission and approval of a detailed planting scheme) attached to reference number 2025/01896/PA,See source,https://www.planit.org.uk/planapplic/Birmingham/2026/03134/PA/,https://planning.birmingham.gov.uk/NECSWS/ES/Presentation/Planning/OnlinePlanning/OnlinePlanningOverview?applicationNumber=2026%2F03134%2FPA,materials management plan
8,18.3,Birmingham,2026/03041/PA,Conditions,Small,Undecided,2026-06-04,,"208 Monyhull Hall Road, Birmingham, B30 3QJ","Application to determine the details for condition numbers 6 (Precautionary Working Method Statement), 7 (details of bird/bat boxes), (5- Submission of an additional bat survey 8 -LEMP 14- Submission and approval of external materials 15-Submission and approval of external materials 19- Submission of a scheme for ecological/biodiversity/enhancement measures 21-Submission of hard and/or soft landscape details 22-Submission of hard surfacing materials 24-Submission of a landscape management plan 25- Submission of cycle storage details) attached to reference number 2023/01678/PA",See source,https://www.planit.org.uk/planapplic/Birmingham/2026/03041/PA/,https://planning.birmingham.gov.uk/NECSWS/ES/Presentation/Planning/OnlinePlanning/OnlinePlanningOverview?applicationNumber=2026%2F03041%2FPA,materials management plan
8,19.8,Birmingham,2026/02739/PA,Conditions,Small,Undecided,2026-05-19,,Selly Oak Trust School Oak Tree Lane Selly Oak Birmingham B29 6HZ,Application to determine the details for condition number (10 - Submission and approval of external materials 11 -Submission and approval of building & site level details 12 - Submission of hard and/or soft landscape details 13 -Submission of earthworks details 14- Submission of a scheme for ecological/biodiversity/enhancement measures 17-Habitat Management and Monitoring plan condition) attached to reference number 2025/01179/PA,See source,https://www.planit.org.uk/planapplic/Birmingham/2026/02739/PA/,https://planning.birmingham.gov.uk/NECSWS/ES/Presentation/Planning/OnlinePlanning/OnlinePlanningOverview?applicationNumber=2026%2F02739%2FPA,materials management plan
8,21.8,Birmingham,2026/03822/PA,Conditions,Small,Undecided,2026-07-06,,Senneleys Park Senneleys Park Road Birmingham B31 1AG,"Application to determine the details of condition numbers 8 (Landscaping), 10 (Boundary treatments), 11 (Construction Method Statement), 12 (External materials), 13 (Tree protection), 17 (Precautionary Working Method Statement), 18 (Landscape Ecological Management Plan), 19 (Lighting assessment), 20 (BNG credits) and 21 (Landscaping and BNG calculations) attached to planning application 2025/01380/PA",See source,https://www.planit.org.uk/planapplic/Birmingham/2026/03822/PA/,https://planning.birmingham.gov.uk/NECSWS/ES/Presentation/Planning/OnlinePlanning/OnlinePlanningOverview?applicationNumber=2026%2F03822%2FPA,materials management plan
8,25.4,Rugby,R26/0720,Conditions,Small,Undecided,2026-07-27,,"LANDSCAPE VIEW, MAIN STREET, WILLEY, RUGBY, CV23 0SH","Details of conditions 3 (External Materials), 9 (Drainage Strategy) and 12 (Biodiversity Management Plan) of R26/0277. 1no. 4 bedroom self build dwelling with associated driveway and attached double garage.",See source,https://www.planit.org.uk/planapplic/Rugby/R26/0720/,https://planning.agileapplications.co.uk/rugby/application-details/42444,materials management plan
8,29.2,Bromsgrove Redditch,26/00958/CPL,Outline,Small,Undecided,2026-08-13,,Oak Villa Harbours Hill Madeley Heath Worcestershire DY9 9XE,Removal of existing corrugated asbestos cement roofing on existing stable block and replacement with dark blue natural roofing slate incorporating solar panels.,P Peacock,https://www.planit.org.uk/planapplic/BromsgroveRedditch/26/00958/CPL/,https://publicaccess.bromsgroveandredditch.gov.uk/online-applications/applicationDetails.do?keyVal=TJPD7VSEMKJ00&activeTab=summary,asbestos
8,30.2,Harborough,26/00872/PCD,Conditions,Small,Undecided,2026-06-18,,Ourland Stud Farm Stemborough Lane Leire Leicestershire LE17 5EY,"Discharge of Conditions 1 (Remedial Scheme and Verification Plan), 2 (Verification Investigation), 3 (Materials) and 4 (Boundary Treatments) of 25/01540/PDN",PMC Land and Planning Limited,https://www.planit.org.uk/planapplic/Harborough/26/00872/PCD/,https://pa2.harborough.gov.uk/online-applications/applicationDetails.do?keyVal=TGTTEDHWGVV00&activeTab=summary,remediation
8,30.8,Harborough,26/01088/PCD,Conditions,Small,Undecided,2026-07-28,,Land To The Rear Of 110 - 112 Station Road Broughton Astley Leicestershire,"Discharge of Conditions 4 (Construction Environmental Management Plan), 5 (Levels), 6 (Materials), 7 (Drainage), 8 (Bird and Bat Box details), 9 (Boundary Treatments), 10 (Lighting Details) and 15 (Surface Water Interceptors) of 24/00636/OUT",See source,https://www.planit.org.uk/planapplic/Harborough/26/01088/PCD/,https://pa2.harborough.gov.uk/online-applications/applicationDetails.do?keyVal=TIW1LWHWHLI00&activeTab=summary,materials management plan
8,39.0,Harborough,26/00912/REM,Outline,Small,Undecided,2026-06-24,,Land Behind Old Shoulder House St Peters Road Arnesby Leicestershire,"Erection of one self-build dwelling (Reserved Matters of 25/00058/OUT including details of appearance, landscaping, layout and scale, and Discharge of Conditions 4 (Land Contamination Assessment) and 9 (Biodiversity Enhancement Plan) of 25/00058/OUT)",Bsurv Ltd.,https://www.planit.org.uk/planapplic/Harborough/26/00912/REM/,https://pa2.harborough.gov.uk/online-applications/applicationDetails.do?keyVal=TH4XD7HWGZU00&activeTab=summary,land contamination
8,40.3,South Staffordshire,26/00011/COND,Conditions,Small,Undecided,2026-08-26,,Prime Oak Whitehouse Lane Swindon DUDLEY DY3 4PE,"Discharge of conditions of approval 26/00011/VAR. Condition 4 (reptiles), 5 (CEMP), 6 (landscape plan), 7 (external materials), 8 (bird and bat boxes), 9 (wall gaps), 10 (external lighting) and 12 (SUDS management plan)",Finestockhome Ltd,https://www.planit.org.uk/planapplic/SouthStaffordshire/26/00011/COND/,https://planning.sstaffs.gov.uk/online-applications/applicationDetails.do?keyVal=TKDBSVOXIV300&activeTab=summary,materials management plan
8,49.2,Charnwood,P/26/1552/2,Conditions,Small,Undecided,2026-08-14,,"84 Melton Road, Barrow Upon Soar, Leicestershire, LE12 8NX","Discharge of Condition 9 (Landscaping Remedial Plan) of Planning Application ref: P/22/0645/2 (Variation of Conditions 1 and 7 of P/15/0229/2 to substitute approved details in respect of landscaping, footpaths, play areas, skatepark and MUGA)",,https://www.planit.org.uk/planapplic/Charnwood/P/26/1552/2/,https://planningexplorer.charnwood.gov.uk/Assure/ES/Presentation/Planning/OnlinePlanning/OnlinePlanningOverview?applicationNumber=P%2F26%2F1552%2F2,remediation
8,49.4,Malvern Hills,M/26/00857/CCO,Conditions,Small,Undecided,2026-06-03,,Land At (Os 8202 5595 West Of Worcester) Martley Road Lower Broadheath,"Discharge of condition 11 (external materials), condition 23 (levels), condition 27 (cycle parking), condition 28B (turning areas, driveways & parking areas), condition 33 (construction environmental management plan), condition 36 (biodiversity), condition 46 (superfast broadband), condition 47 (renewable energy, water conservation & recycling, primary non-sustainable materials) and condition 48 (low emission boilers) of planning permission reference 16/01168/OUT. (plots 92-144 Phase 2 only)",See source,https://www.planit.org.uk/planapplic/MalvernHills/M/26/00857/CCO/,https://plan.malvernhills.gov.uk/Planning/Display/M/26/00857/CCO,materials management plan
8,52.3,Derby,26/01130/DISC,Conditions,Small,Undecided,2026-08-26,,Site Of Former Showcase Cinema Foresters Park Centre Sinfin Lane Derby DE23 8AG,"Discharge of conditions 4 (Construction Environment Management Plan), 7 (Landscaping) and 8 (External Materials) of previously approved application no. 25/00294/FUL - Erection of a three storey building to form a 66 bedroom care home (Use Class C2), parking, landscaping and associated ground works",LNT Care Development,https://www.planit.org.uk/planapplic/Derby/26/01130/DISC/,https://eplanning.derby.gov.uk/online-applications/applicationDetails.do?activeTab=summary&keyVal=TKD7HJFSGDI00,materials management plan
8,55.2,West Northamptonshire,2026/2484/COND,Conditions,Small,Undecided,2026-06-16,,Fairfields School Trinity Avenue Northampton NN2 6JN,"Discharge of Condition 3 [Construction Management Plan], 5 [Landscape], 6 [External Lighting], 7 [External Materials] and Biodiversity Net Gain Requirements of Planning Permission 2025/4564/FULL [Proposed construction of two storey classroom block with associated additional parking]",See source,https://www.planit.org.uk/planapplic/WestNorthamptonshire/2026/2484/COND/,https://wnc.planning-register.co.uk/Planning/Display/2026/2484/COND,materials management plan
8,58.6,East Staffordshire,P/2026/00861,Conditions,Small,Undecided,2026-08-06,,PARK HALL FARM PARKHALL LANE CHURCH LEIGH ST10 4NP,"Application under Section 19 of the Planning (Listed Building/Conservation Areas) Act 1990 to vary condition 2 (plans) attached to Listed Building Consent P/2025/00811 for internal alterations to include replacement of lintels, repair / replacement of timber purlins, removal of lath and plaster to assess timber rafters, treatment of woodworm, installation of supports to strengthen lime ash floor, repair and remedial works to screed, lagging of pipework, removal of black mould including stripping of plastered walls and new lime plaster skim, treatment of timber members/panels and external alterations to include replacement of lead flashing around roof lights and replacement of trimmers, removal of render and replace with lime based render system including replacement of any spalled bricks the variation is to replace the spalling brickwork, rebuild brickwork arches over four windows, installation of lead soakers and flashing skirt between stone coping on the North East Elevation",Rees Construction Management Ltd,https://www.planit.org.uk/planapplic/EastStaffordshire/P/2026/00861/,https://eaststaffs-publicportal.statmap.co.uk/horizoNext/publicportal/planningapplications/644155,remediation
8,62.0,North Northamptonshire,26/01818/AOC,Conditions,Medium,Undecided,2026-06-30,,Land Off Hill Street Kettering,"Discharging of conditions 3 (Materials), 6 (Construction Management Plan), 17 (Off-Site Works) and 18 (Bin Storage Details) in relation to NK/2025/0251",Broadgrove Planning & Development,https://www.planit.org.uk/planapplic/NorthNorthamptonshire/26/01818/AOC/,https://publicaccess.northnorthants.gov.uk/online-applications/applicationDetails.do?keyVal=THFSO3IUN0G00&activeTab=summary,materials management plan
8,76.0,Gloucester,26/00468/CONDIT,Conditions,Medium,Permitted,2026-05-28,2026-06-19,RAOB Social Club 87 - 91 Southgate Street Gloucester GL1 1UR,"Discharge of conditions 7 (archaeological evaluation), 8 (foundation design and ground works) and 9 (written scheme of investigation) of outline permission ref. 23/00696/OUT. Original permission was for the demolition of former RAOB Social Club and redevelopment of the site to provide 17 residential flats and associated landscaping and external works. (landscaping reserved)",Avon Planning Services Limited,https://www.planit.org.uk/planapplic/Gloucester/26/00468/CONDIT/,https://publicaccess.gloucester.gov.uk/online-applications/applicationDetails.do?keyVal=TFR9CWHMKJN00&activeTab=summary,ground investigation
8,81.2,Oxford,26/01142/LBC,Heritage,Medium,Undecided,2026-05-11,,Port Mahon Public House 82 St Clement's Street Oxford Oxfordshire OX4 1AW,"Repair and refurbishment of existing roof coverings to include removal of asbestos cement tiles, salvage and re-use of existing natural slates and clay ridge tiles, replacement reclaimed slates, repairs to lead flashings, valleys and gutters, localised timber repairs, chimney repointing and overhaul of existing cast iron rainwater goods, together with associated scaffolding and temporary works.",See source,https://www.planit.org.uk/planapplic/Oxford/26/01142/LBC/,https://public.oxford.gov.uk/online-applications/applicationDetails.do?activeTab=summary&keyVal=TERL5QMFGD100,asbestos
8,89.4,Newark and Sherwood,26/00800/DISCON,Conditions,Large,Conditions,2026-05-28,2026-08-17,Land At Fernwood South Nottinghamshire,"Request for confirmation to discharge conditions 11 (Contamination), 13 (Construction Management Plan), 20 (Foul Sewage Disposal), 21 (Detailed Surface Water Drainage Scheme), 22 (Suspended Solids), 24 (Travel Plan), 30 (Highway Layouts), 36 (Parking areas and manoeuvering areas), 37 (Bus Stops) and 38 (Street Lighting) attached to planning permission 16/00506/OUTM Outline planning application for a phased residential development of up to 1,800 dwellings; a mixed use Local Centre of up to 0.75ha to include up to 535sqm of food retail (not exceeding 420sqm) and non-food retail (not exceeding 115sqm), food and drink uses (not exceeding 115sqm), community uses (not exceeding 1,413sqm); sports pavilion up to 252sqm; primary school (2.2ha) with school expansion land (0.8ha); formal and informal open space including sports pitches, pocket parks, structural landscaping / greenspace and drainage infrastructure; principal means of access, internal roads and associated works. All other matters to be reserved.",,https://www.planit.org.uk/planapplic/Newark/26/00800/DISCON/,https://publicaccess.newark-sherwooddc.gov.uk/online-applications/applicationDetails.do?keyVal=TFR4MJLBKRF00&activeTab=summary,land contamination
8,89.9,Buckinghamshire,PL/26/05939/FA,Full,Large,Undecided,2026-08-25,,Ex-servicemens Club 62 - 64 Walton Street Aylesbury Buckinghamshire HP21 7QP,"Demolition of existing building and construction of 4 storey building comprising 37 residential units, associated car and cycle parking and relevant external works.",See source,https://www.planit.org.uk/planapplic/Bucks/PL/26/05939/FA/,https://publicaccess.buckinghamshire.gov.uk/online-applications/applicationDetails.do?keyVal=TIO3O1ESIYR00&activeTab=summary,demolition
8,90.3,Newark and Sherwood,26/00854/DISCON,Conditions,Small,Conditions,2026-06-09,2026-08-19,Land To The Rear Of 57 To 59 Jubilee Street Newark On Trent,"Request for confirmation to discharge conditions 4 (Materials), 5 (Demoltion methodology) and 13 (Land contamination reports) attached to planning permission 23/00876/FUL Removal of existing garages and workshop and erection of 2 bungalows (re-submission)",See source,https://www.planit.org.uk/planapplic/Newark/26/00854/DISCON/,https://publicaccess.newark-sherwooddc.gov.uk/online-applications/applicationDetails.do?keyVal=TGCSW8LBKXS00&activeTab=summary,land contamination
8,90.5,Bolsover,26/00179/DISCON,Conditions,Small,Conditions,2026-05-11,2026-06-25,Alder House Recreation Road Shirebrook,Discharge of Conditions 4 (Verification Report) and 7 (Ecological) of planning permission 24/00373/FUL,See source,https://www.planit.org.uk/planapplic/Bolsover/26/00179/DISCON/,https://publicaccess.bolsover.gov.uk/online-applications/applicationDetails.do?keyVal=TEWZWWDD0E300&activeTab=summary,verification report
8,91.6,South Oxfordshire,P26/S3877/DIS,Conditions,Small,Undecided,2026-09-02,,Stoney Lane Cottage Little Haseley Oxford OX44 7LU,Discharge of Condition 3 (Schedule of Materials) of planning ref. P25/S2044/FUL Demolition of existing cottage and outbuildings; construction of a replacement self build single dwelling and detached garage.,House of Design Architects,https://www.planit.org.uk/planapplic/SouthOxfordshire/P26/S3877/DIS/,https://southoxfordshire.planning-register.co.uk/Planning/Display?applicationNumber=P26%2FS3877%2FDIS,demolition
8,91.8,Vale of White Horse,P26/V1443/DIS,Conditions,Small,Conditions,2026-05-05,2026-06-29,Goose Willow Farm Hanney Road Steventon Abingdon OX13 6AP,"Discharge of conditions: Condition 3 (Materials), Condition 4 (Noise Assessment), Condition 5 & 6 (Surface Water and Foul Water Drainage), Condition 7 (Contaminated Land), of planning consent P25/V2759/N4B, Part 3 Class Q (b) inc building operations. Proposed change of use of agricultural building to a single dwellinghouse (Use Class C3) and associated operational development.",Dijksman Planning (UK) LLP,https://www.planit.org.uk/planapplic/WhiteHorse/P26/V1443/DIS/,https://valeofwhitehorse.planning-register.co.uk/Planning/Display?applicationNumber=P26%2FV1443%2FDIS,land contamination
8,92.8,Bolsover,26/00224/DISCON,Conditions,Small,Conditions,2026-06-18,2026-08-05,Land South West Of Brockley Wood Oxcroft Lane Stanfree,Discharge of Condition 11 (Verification Report (June 2026) - Eastwoods) of planning permission 24/00500/VAR,,https://www.planit.org.uk/planapplic/Bolsover/26/00224/DISCON/,https://publicaccess.bolsover.gov.uk/online-applications/applicationDetails.do?keyVal=TGTSNODDLYX00&activeTab=summary,verification report
8,95.4,Cotswold,26/02592/COMPLY,Conditions,Small,Undecided,2026-08-26,,12 The Chipping Tetbury Gloucestershire GL8 8ET,Compliance with conditions 3 (sample panel) and 4 (sample roof slate) of permission 26/00481/FUL - Erection of garden building. Demolition of existing garden building,Mr James Goatman,https://www.planit.org.uk/planapplic/Cotswold/26/02592/COMPLY/,https://publicaccess.cotswold.gov.uk/online-applications/applicationDetails.do?keyVal=TKDKO6FILQ200&activeTab=summary,demolition
8,95.8,Huntingdonshire,26/01123/S73,Conditions,Small,Permitted,2026-06-22,2026-08-17,Car Mart Station Bridge Broadway Yaxley Peterborough PE7 3EL,"Variation of Condition 2 (Approved plans), 3 (Materials) and Removal of Conditions 4 (Contamination - Phase 1 Desk Study), 5 (Contamination - Phase 2 and 3), 6 (Contamination - Remediation) & 7 (Contamination - Phase 4) of 23/01832/FUL.",Montecalvo Architects,https://www.planit.org.uk/planapplic/Huntingdonshire/26/01123/S73/,https://publicaccess.huntingdonshire.gov.uk/online-applications/applicationDetails.do?keyVal=TH0PIKIKFS900&activeTab=summary,remediation
8,98.1,Stroud,S.26/1133/DISCON,Conditions,Small,Permitted,2026-06-30,2026-07-22,Workshop At Home Farm Park Lane Stancombe Dursley Gloucestershire GL11 6AT,Discharge of condition 4 (pre-commencement contaminated land) from S.26/0268/VAR.,See source,https://www.planit.org.uk/planapplic/Stroud/S.26/1133/DISCON/,https://publicaccess.stroud.gov.uk/online-applications/applicationDetails.do?keyVal=THFW3APNI7P00&activeTab=summary,land contamination
8,98.1,Swindon,S/COND/26/1077,Conditions,Small,Undecided,2026-08-28,,7 Shaw Ridge Leisure Park Shaw Swindon SN5 7DN,"Discharge of Statutory BNG Condition from previous application S/25/1670 - Change of use of existing Class E to Sui Generis (mixed use comprising restaurant, hot food takeaway and drive-thru lane) and other associated works, including partial demolition, landscaping and plant.",Planware Ltd,https://www.planit.org.uk/planapplic/Swindon/S/COND/26/1077/,https://pa.swindon.gov.uk/publicaccess/applicationDetails.do?activeTab=summary&keyVal=TKH812PTMEI00,demolition
8,98.5,Luton,26/00757/DOC,Conditions,Small,Permitted,2026-07-16,2026-08-18,SKF Works Sundon Park Road Luton LU3 3BL,"Full planning application for the erection of industrial / storage and distribution buildings (Use Classes B2, B8, E(g)(ii) and E(g)(iii)) including ancillary offices, car parking, yard and circulation space and associated works utilising existing access points off Sundon Park Road and Dencora Way. Discharge of conditions 13 (Remediation Strategy) of Planning Permission 25/00749/FUL dated 12th February 2026.",,https://www.planit.org.uk/planapplic/Luton/26/00757/DOC/,https://planning.luton.gov.uk/online-applications/applicationDetails.do?keyVal=TI9RB7KGI4N00&activeTab=summary,remediation
8,98.5,North Kesteven,26/0987/DISCON,Conditions,Small,Permitted,2026-08-17,2026-09-01,Barns At Field House Farm Sleaford Road Brant Broughton Lincoln Lincolnshire LN5 0QY,Application to discharge Condition 9 (Contaminated Land) and 11 (Arboricultural Method Statement and Tree Protection Plan) and 17 (Energy Performance Verification Report) attached to planning permission 22/1520/FUL - Erection of five dwellings and garages,Guy St John Taylor Associates Architects Ltd,https://www.planit.org.uk/planapplic/NorthKesteven/26/0987/DISCON/,https://planningonline.n-kesteven.gov.uk/online-applications/applicationDetails.do?activeTab=summary&keyVal=TJSZHNLLHX600,verification report
8,98.9,South Oxfordshire,P26/S2841/DIS,Conditions,Small,Permitted,2026-07-09,2026-08-17,Land adj to Site B Wallingford OX10 0PE,"Discharge of Condition 12 (Verification Report) on application P21/S4699/FUL Construction of new two form entry, single storey primary school, comprising of 14 classrooms and a 30 place nursery together with supporting teaching and staff space, associated playground, sports field, landscaping, access and parking.",,https://www.planit.org.uk/planapplic/SouthOxfordshire/P26/S2841/DIS/,https://southoxfordshire.planning-register.co.uk/Planning/Display?applicationNumber=P26%2FS2841%2FDIS,verification report
8,101.4,Sheffield,25/00899/COND1,Conditions,Small,Conditions,2026-07-23,2026-08-21,Massey Truck Engineering Ltd Station Road Halfway Sheffield S20 3GX,"Application to approve details in relation to condition no(s) 3 (Ground Investigations and Groundworks), 4 (Remediation Strategy Report), 8 (Predicted Energy Needs), and 10 (External Material Details) as imposed by planning permission 25/00899/FUL",See source,https://www.planit.org.uk/planapplic/Sheffield/25/00899/COND1/,https://planningapps.sheffield.gov.uk/online-applications/applicationDetails.do?keyVal=TIMNIMNYMF300&activeTab=summary,ground investigation
8,101.9,Sheffield,24/00463/COND1,Conditions,Small,Conditions,2026-06-25,2026-08-24,Land Adjacent No 36 Charnock Drive Sheffield S12 3HD,"Application to approve details in relation to condition number(s): 3. (Surface Water Drainage) 4. (Energy Needs) 5. (Site Accommodation) 6. (Phase II Intrusive Site Investigation Report) 7, (Remediation Strategy Report) 8. (Highway Improvements) 9. (Cycle Storage) 10. (Biodiversity Enhancements) 12. (External Materials/Finishes) 13. (Boundary Treatment Works) 14. (Hard & Soft Landscaping Scheme) 15. (Hard Surfaced Areas) 16. (Vehicle Cleaning) 18. (Scheme of Sound Insulation) & Biodiversity Gain Plan imposed by planning permission 24/00463/FUL",See source,https://www.planit.org.uk/planapplic/Sheffield/24/00463/COND1/,https://planningapps.sheffield.gov.uk/online-applications/applicationDetails.do?activeTab=summary&keyVal=TH69DYNYLHS00,remediation
8,101.9,North Kesteven,26/0820/DISCON,Conditions,Small,Permitted,2026-07-01,2026-08-11,The Bungalow The Piggeries Cow Lane Swinderby Lincoln Lincolnshire LN6 9ZT,Application to discharge conditions 3 (contaminated land) and 4 (CMS) attached to planning permission 25/0738/PNND - Application under Class Q of the Town and Country Planning (General Permitted Development) Order for prior approval for change of use from agricultural implement store to a dwelling (C3).,Robert Walker Associates,https://www.planit.org.uk/planapplic/NorthKesteven/26/0820/DISCON/,https://planningonline.n-kesteven.gov.uk/online-applications/applicationDetails.do?keyVal=THHWAZLL05Q00&activeTab=summary,land contamination
8,103.4,South Cambridgeshire,26/03310/S73,Conditions,Small,Undecided,2026-09-01,,Rose Villa Little Heath Gamlingay Cambridgeshire SG19 3LL,S73 to vary condition 2 (approved drawings) and 20 (materials) of ref: 23/03311/FUL (Demolition of agricultural buildings and erection of 5 No. dwellings with associated access and landscaping) to show the change of design and including new materials - reduction in the quantity of black cladding and use of red brick for exterior walls.,CROE Architects,https://www.planit.org.uk/planapplic/SouthCambs/26/03310/S73/,https://applications.greatercambridgeplanning.org/online-applications/applicationDetails.do?keyVal=TKOKJUDXFNM00&activeTab=summary,demolition
8,103.7,Sheffield,25/03736/COND1,Conditions,Small,Conditions,2026-06-22,2026-08-12,Former Kenwood Suite Kenwood Road Sheffield S7 1NQ,"Application to approve details in relation to condition number(s): 3 (Contamination), 4 (Intrusive Investigations), 5 (Remediation Strategy Report), 8 (Construction Environmental Management Plan (CEMP)), 9 (Vehicular Cleaning), 10 (Landscaping), 12 (Large Scale Details), 17 (Hard Surfaced Areas) and 19 (Surface Water Drainage Works) imposed by planning permission 25/03736/FUL",,https://www.planit.org.uk/planapplic/Sheffield/25/03736/COND1/,https://planningapps.sheffield.gov.uk/online-applications/applicationDetails.do?keyVal=TH13BJNYLDD00&activeTab=summary,remediation
8,105.6,Stockport,DC/099444,Conditions,Small,Conditions,2026-06-25,2026-08-13,Woodford Garden Village Redrow Phase 3D Chester Road Woodford Stockport,"Discharge of condition 21 of DC/082118 Remediation verification details as per report 'Parcel 3D, Woodford - Remediation Measures Verification (Rev 1) Plots 780 to 825 Only",,https://www.planit.org.uk/planapplic/Stockport/DC/099444/,https://planning.stockport.gov.uk/PlanningData-live/applicationDetails.do?keyVal=TH6MREPJIW100&activeTab=summary,verification report
8,106.0,Sheffield,21/02928/COND3,Conditions,Small,Conditions,2026-07-24,2026-09-03,Former Garage Site Adjacent 52 Toyne Street Sheffield S10 1HJ,Application to approve details in relation to condition no(s) 6 (Remediation Strategy Report) and 7 (Remediation Strategy Compliance Confirmation) as imposed by planning permission 21/02928/FUL.,See source,https://www.planit.org.uk/planapplic/Sheffield/21/02928/COND3/,https://planningapps.sheffield.gov.uk/online-applications/applicationDetails.do?keyVal=TIOCLWNYMG500&activeTab=summary,remediation
8,106.4,Sheffield,25/01896/COND1,Conditions,Small,Conditions,2026-06-03,2026-07-29,Magnomatics Limited Park House Old Nunnery Station Bernard Road Sheffield S2 5BQ,"Application to approve details in relation to condition numbers 3 (Surface Water Drainage), 4 (Renewable Energy), 5 (Landscape & Ecological Management Plan (LEMP)), 6 (Land Contamination) and 12 (External Materials) of planning permission 25/01896/FUL",See source,https://www.planit.org.uk/planapplic/Sheffield/25/01896/COND1/,https://planningapps.sheffield.gov.uk/online-applications/applicationDetails.do?keyVal=TG2DAPNYKSW00&activeTab=summary,materials management plan
8,106.5,Sheffield,19/03944/COND8,Conditions,Small,Conditions,2026-07-02,2026-08-20,Former Car Park On Site Of Richardsons Cutlery Works Alma Street Sheffield S3 8SA,"Application to approve details in relation to condition number(s): 8 & 9 (Highway Improvements), 13 (Controlled Parking Zone), 15 (Remediation), 29 (External Materials), 31 (Large Scale Details), 34 (Building Services) and 39 (Redundant Accesses) imposed by planning permission 19/03944/FUL",,https://www.planit.org.uk/planapplic/Sheffield/19/03944/COND8/,https://planningapps.sheffield.gov.uk/online-applications/applicationDetails.do?activeTab=summary&keyVal=THJRJPNYLQQ00,remediation
8,106.6,Sheffield,25/01517/COND2,Conditions,Small,Conditions,2026-06-18,2026-08-20,Parkway Works 35 Kettlebridge Road Sheffield S9 3BL,"Application to approve details in relation to condition number(s): 7 (Phase II Report), 8 (Remediation) and 13 (External Materials) imposed by planning permission 25/01517/FUL",See source,https://www.planit.org.uk/planapplic/Sheffield/25/01517/COND2/,https://planningapps.sheffield.gov.uk/online-applications/applicationDetails.do?activeTab=summary&keyVal=TGTU6LNYLAD00,remediation
8,107.8,Monmouthshire,DM/2026/00963,Full,Small,Undecided,2026-08-04,,Air Craft Hanger Upper Cae Garw Farm Penrhos Road To Trellech Trellech Monmouthshire NP25 4PJ,"Partial demolition, remediation and conversion of the former steel aircraft hanger to create a reduced footprint ancillary building comprising a farmers secure store, internal parking for two previously approved barn conversions (DM/2024/01001 and DM/2024/01002) and flexible ancillary residential space serving the barn conversions and the existing dwelling. Together with removal of surplus concrete apron and landscaping.",,https://www.planit.org.uk/planapplic/Monmouthshire/DM/2026/00963/,https://planningonline.monmouthshire.gov.uk/online-applications/applicationDetails.do?keyVal=TJ8QQHKY00U00&activeTab=summary,remediation
8,108.4,Buckinghamshire,PL/26/06439/PIP,Outline,Small,Undecided,2026-08-10,,Land at 91 Mayhew Crescent and To The Rear Of 83 To 93 Mayhew Crescent High Wycombe Buckinghamshire HP13 6DF,"Application for permission in principle for erection of 3 pairs of semi-detached dwellings (six in total), following the demolition of 91 Mayhew Crescent to form access, with associated remediation works.",JCPC Ltd,https://www.planit.org.uk/planapplic/Bucks/PL/26/06439/PIP/,https://publicaccess.buckinghamshire.gov.uk/online-applications/applicationDetails.do?keyVal=TJK12UES0R600&activeTab=summary,remediation
8,109.1,Sheffield,25/02193/COND1,Conditions,Small,Conditions,2026-07-29,2026-09-04,70 Worrall Road Worrall Sheffield S6 4BD,"Application to approve details in relation to condition numbers: 3 (Tree Protection), 4 (Coal Mining), 5 (Intrusive Site Investigation Report), 6 (Remediation Strategy Report), 9 (Biodiversity Enhancement), 11 (Landscaping Scheme), 12 (Boundary Treatment) Relating to planning permission 25/02193/FUL",CODA Studios,https://www.planit.org.uk/planapplic/Sheffield/25/02193/COND1/,https://planningapps.sheffield.gov.uk/online-applications/applicationDetails.do?activeTab=summary&keyVal=TIY2MZNYMLL00,remediation
8,109.2,Sheffield,17/03999/COND37,Conditions,Small,Conditions,2026-06-30,2026-08-18,Site Of Former Outokumpu Shepcote Lane Sheffield S9 2RA,Application to approve details in relation to condition number: 17 (Remediation Strategy Validation Report) relating to planning permission 17/03999/FUL,See source,https://www.planit.org.uk/planapplic/Sheffield/17/03999/COND37/,https://planningapps.sheffield.gov.uk/online-applications/applicationDetails.do?keyVal=THG89RNYLNS00&activeTab=summary,remediation
8,109.7,South Holland,H23-0745-26,Conditions,Small,Withdrawn,2026-08-06,2026-08-13,Plot 1 adjacent Carlton Lodge Oxcroft Bank Shepeau Stow Spalding PE12 0TY,"Details of external materials, details of closure of existing access onto Oxcroft Bank, scheme to deal with contamination, verification report, existing and proposed site levels, proposed floor levels, proposed means of foul & surface water disposal, details relating to the installation of swift bricks & bird/bat boxes, details of BNG and HMMP or purchase of Biodiversity Credits (Conditions 3, 7, 8, 9, 11, 12, 14, 15 and 16 of H23-1272-25)",,https://www.planit.org.uk/planapplic/SouthHolland/H23-0745-26/,https://planning.sholland.gov.uk/OcellaWeb/planningDetails?reference=H23-0745-26&from=planningSearch,verification report
7,28.5,North West Leicestershire,26/00706/DIS,Conditions,Medium,Permitted,2026-05-29,2026-09-03,Barn To The South Of Bowleys Lane Bowleys Lane Appleby Magna Swadlincote DE12 7BE,"The approval of details reserved by conditions 3 (Materials), 4 (Hard And Soft Landscaping), 5 (Boundary Treatments), 8 (Self Build) and 11 (Management And Maintenance Of Package Treatment Plan) relating to planning permission reference 25/01156/FUL",STAT Planning,https://www.planit.org.uk/planapplic/NorthWestLeicestershire/26/00706/DIS/,https://plans.nwleics.gov.uk/public-access/applicationDetails.do?activeTab=summary&keyVal=TFT0DDLRL9Y00,materials management plan
7,64.3,Rushcliffe,26/01196/DEMOL,Other,Small,Permitted,2026-07-10,2026-08-06,The Campbell Clinic Limited 173 Loughborough Road West Bridgford Nottinghamshire NG2 7JS,Prior Notification of demolition existing Dental surgery and post demolition remediation of site.,See source,https://www.planit.org.uk/planapplic/Rushcliffe/26/01196/DEMOL/,https://planningon-line.rushcliffe.gov.uk/online-applications/applicationDetails.do?keyVal=THWO1JNLN5400&activeTab=summary,remediation
7,65.6,Buckinghamshire,PL/26/04150/FA,Full,Small,Undecided,2026-06-23,,Maids Moreton Village Hall Main Street Maids Moreton Buckinghamshire,"Replacement of existing green painted, rusted metal corrugated roof sheeting over main hall and grey asbestos cement roof tiles over kitchen extension area and porch with new grey colour cement based corrugated roof sheeting, to match existing over toilet extension area.",See source,https://www.planit.org.uk/planapplic/Bucks/PL/26/04150/FA/,https://publicaccess.buckinghamshire.gov.uk/online-applications/applicationDetails.do?keyVal=TFBQIIESKA700&activeTab=summary,asbestos
7,67.1,Broxtowe,26/00509/DEM,Other,Small,Permitted,2026-07-23,2026-08-14,Viaduct Works Gin Close Way Awsworth Nottinghamshire NG16 2HH,Prior approval for demolition of the asbestos roof - tin / brick sides,Total Reclaims Demolition,https://www.planit.org.uk/planapplic/Broxtowe/26/00509/DEM/,https://publicaccess.broxtowe.gov.uk/online-applications/applicationDetails.do?keyVal=TIMNBMDRGU400&activeTab=summary,asbestos
7,67.3,Shropshire,26/01665/DIS,Conditions,Small,Undecided,2026-05-05,,Proposed Local Needs Dwelling To The South Of Stanton Long Much Wenlock Shropshire,"Discharge of Conditions 3 (External Materials), 5 (Traffic Management Plan), 6 (Hedge Planting) and 11 (Lighting) on Planning Permission 23/01376/FUL",Peter Richards & Co,https://www.planit.org.uk/planapplic/Shropshire/26/01665/DIS/,https://pa.shropshire.gov.uk/online-applications/applicationDetails.do?activeTab=summary&keyVal=TEFE8UTDI7E00,materials management plan
7,67.6,North Northamptonshire,26/02105/AOC,Conditions,Small,Undecided,2026-07-28,,Land Area 26A Stanton Cross Mill Road Wellingborough,Approval of details reserved by condition pursuant to condition 17 (Assessment of ground contamination and any remedial actions required) of planning permission reference NW/23/00486/FUL,Studio9 Architects,https://www.planit.org.uk/planapplic/NorthNorthamptonshire/26/02105/AOC/,https://publicaccess.northnorthants.gov.uk/online-applications/applicationDetails.do?keyVal=TIVXNMIUGFV00&activeTab=summary,remediation
7,69.3,Rutland,2026/1054/DIS,Conditions,Small,Undecided,2026-08-25,,Pheasants Roost Lyndon Road Manton Rutland LE15 8RN,"Discharge of Condition 3 (Materials), 4 (Cycle Store Details), 7 and 8 (Construction Management Plan), 10 (Surface Water Drainage), 12 and 13 (Package Treatment Details and Drainage Field Details), 15 (Ecological and Biodiversity Mitigation Plan), 17 (Landscaping), 21 (External Levels), 26 (Contamination), 28 (Acoustic Barrier Details), 29 (Dust Extraction Details) and 40 (Waste Material Storage) of application 2022/1111/MAF - Change of use from agricultural to E(g)(iii) business to facilitate relocation of Willowbrook Education Ltd. Conversion of existing buildings, adaption and new build elements including new yard and parking areas with access improvements.",HSSP Architects Limited,https://www.planit.org.uk/planapplic/Rutland/2026/1054/DIS/,https://publicaccess.rutland.gov.uk/online-applications/applicationDetails.do?activeTab=summary&keyVal=TKBTIQNNKLA00,materials management plan
7,75.3,West Oxfordshire,26/01468/CND,Conditions,Small,Undecided,2026-06-15,,Red Lion Hotel The Square Eynsham Witney Oxfordshire OX29 4HW,"Discharge of conditions 4 (full surface water drainage scheme), 6 (roofing materials), 7 (5 year landscape and ecological management plan) and 12 (external lighting) of planning permission 26/00384/FUL.",Nik Retail Limited,https://www.planit.org.uk/planapplic/WestOxfordshire/26/01468/CND/,https://publicaccess.westoxon.gov.uk/online-applications/applicationDetails.do?keyVal=TGNYE4RKMW000&activeTab=summary,materials management plan
7,78.2,Forest of Dean,P0836/26/DISCON,Conditions,Small,Undecided,2026-07-17,,Dutch Barn Taynton Gloucester Gloucestershire GL19 3AN,"Discharge of conditions 03 (contamination, 04 (contamination remedial works), 05 (surface water drainage), 06 (foul water drainage), (material samples), 08 (hard landscaping), 09 (soft landscaping) and 10 (external lighting) of planning permission P0243/23/FUL",See source,https://www.planit.org.uk/planapplic/ForestOfDean/P0836/26/DISCON/,https://publicaccess.fdean.gov.uk/online-applications/applicationDetails.do?activeTab=summary&keyVal=TIBR4XHIJJW00,remediation
7,78.5,Shropshire,26/01683/DIS,Conditions,Small,Undecided,2026-05-06,,125 Wenlock Road Shrewsbury Shropshire SY2 6JX,Discharge of Conditions 8 (Traffic Management Plan) and 9 (Materials) of planning permission 26/00665/FUL,,https://www.planit.org.uk/planapplic/Shropshire/26/01683/DIS/,https://pa.shropshire.gov.uk/online-applications/applicationDetails.do?activeTab=summary&keyVal=TEKT33TDI8O00,materials management plan
7,78.7,North East Derbyshire,26/00526/DISCON,Conditions,Small,Undecided,2026-07-03,,Wine Tavern Farm Coldharbour Lane Ashover Chesterfield S45 0JX,"Application to discharge condition 3 (Surface water drainage), 8 (Boundary Treatments), 10 (Bat Licence) 13 (External Lighting), 15 (Levels), 16 (Materials), 17 (Windows), 18 (Rainwater Goods), 19 (Lintels and Sills), 20 (Conservation Management Plan) and 21 (WSI for Archaeological Monitoring) pursuant to planning application 25/00708/FL (Amended Title)",Stainton Planning,https://www.planit.org.uk/planapplic/NorthEastDerbyshire/26/00526/DISCON/,https://planapps-online.ne-derbyshire.gov.uk/online-applications/applicationDetails.do?keyVal=THL7MSLIIM600&activeTab=summary,materials management plan
7,78.8,West Oxfordshire,26/01944/CND,Conditions,Small,Undecided,2026-08-11,,Lakeside Industrial Park Cotswold Dene Standlake Oxfordshire OX29 7PL,Discharge of conditions 6 (Construction Traffic Management Plan) 9 (Secured by Design principles) 12 (schedule of materials) and 16 (Councils organisational Licence) of Permission 24/01681/S73,Mark Carter Associates,https://www.planit.org.uk/planapplic/WestOxfordshire/26/01944/CND/,https://publicaccess.westoxon.gov.uk/online-applications/applicationDetails.do?keyVal=TJM4KJRKG2700&activeTab=summary,materials management plan
7,80.8,Rutland,2026/0869/DIS,Conditions,Small,Undecided,2026-07-13,,Grange Farm Ryhall Road Great Casterton Rutland,"Discharge of Condition No. 3 (Written Scheme of Investigation), Condition No. 5 (Materials), Condition Nos. 6, 10, 11 & 12 (Highways Works, Visibility Splays and Access Details), Condition No. 8 (Tree Protection), Condition No. 14 (Construction Management Plan), Condition No. 16 (Construction Environment Management Plan for Biodiversity), Condition No. 17 (Habitat Management and Monitoring Plan) and Condition No. 18 (Off Site Biodiversity Net Gain Units) on planning permission ref: 2025/1179/FUL (Alterations to existing buildings and the construction of new general industrial use buildings in conjunction with vehicular access improvements, car parking improvements and enhancement / improvements to landscaping and the biodiversity on the site. The retention of the B8 Storage units to the rear of the site. Associated works to include the installation of PV cells and EV car charging points. New site signage to be installed. Use Class B2 remain unchanged for the site).",Harris McCormack Architects Ltd,https://www.planit.org.uk/planapplic/Rutland/2026/0869/DIS/,https://publicaccess.rutland.gov.uk/online-applications/applicationDetails.do?keyVal=TI4DV2NNJSB00&activeTab=summary,materials management plan
7,81.5,Ashfield,V/2026/0466,,Small,Undecided,2026-07-28,,"2 Milldale Walk, Sutton In Ashfield, Nottinghamshire, NG17 2DJ","Application for approval of details reserved by condition condition 4 - finished floor levels, condition 5 - phase 1 land contamination report, condition 6 - drainage plans, condition 7 - boundary treatment, condition 8 - hard and soft landscaping, condit",See source,https://www.planit.org.uk/planapplic/Ashfield/V/2026/0466/,https://planning.ashfield.gov.uk/planning-applications/planning-application/?RefType=GFPlanning&KeyNo=244890,land contamination
7,83.8,Mansfield,2026/0328/CON,Conditions,Small,Undecided,2026-06-11,,Land West Of Brick Kiln Lane And South Of Abbott Road Mansfield Nottinghamshire,"DISCHARGE OF CONDITIONS 19 (CONSTRUCTION ENVIRONMENTAL MANAGEMENT PLAN), 20 (CEMP), 22 (FINISHED LEVELS), 16 (LANDSCAPING PLAN), 18 (SCHEDULE OF MATERIALS AND SURFACING), 33 (REVISED DESIGN DETAILS), 38 (NOISE REPORT) ON APPLICATION 2024/0642/VCON (VARIATION OF CONDITIONS 2 (APPROVED PLANS), 16 (LANDSCAPING), 18 (HARD SURFACING) , 26 (MATERIALS), 28 (BOUNDARY TREATMENTS), 29 (BRICK TYPES) AND 37 (PUBLIC RIGHT OF WAY) ON APPLICATION 2022/0612/FUL (183 NO. DWELLINGS WITH ACCESS AND ASSOCIATED WORKS) - AMENDMENTS TO HOUSE TYPES, HOUSING MIX, MATERIALS AND LANDSCAPING)",,https://www.planit.org.uk/planapplic/Mansfield/2026/0328/CON/,https://planning.mansfield.gov.uk/online-applications/applicationDetails.do?activeTab=summary&keyVal=TGGIKHKMMH900,materials management plan
7,84.7,Vale of White Horse,P26/V3158/DIS,Conditions,Small,Undecided,2026-07-17,,Arnhem Cottage Buckland SN7 8QW,"Discharge of Conditions 3(tree protection), 4(landscaping) and 5(materials schedule) of P25/V2003/HH and Conditions 4(remedial works specification), 5(insulation), 6(materials schedule) and 7(external joinery) of P25/V2004/LB. Refurbishment and extension of house, demoltion of garage/annex, construction of open car port and outbuilding.",David Newton Associates,https://www.planit.org.uk/planapplic/WhiteHorse/P26/V3158/DIS/,https://valeofwhitehorse.planning-register.co.uk/Planning/Display?applicationNumber=P26%2FV3158%2FDIS,remediation
7,85.4,Bedford,26/01114/NMA,Amendment,Small,Permitted,2026-06-12,2026-07-07,Land East Of 33 - 39 Carlisle Road Bedford Bedfordshire MK40 4HR,22/00680/FUL - Non-Material Minor Amendment to the wording of Condition 17 to allow for demolition prior to the submission of the Contaminated Land Assessment.,See source,https://www.planit.org.uk/planapplic/Bedford/26/01114/NMA/,https://publicaccess.bedford.gov.uk/online-applications/applicationDetails.do?keyVal=TGIFW5CUI5500&activeTab=summary,land contamination
7,85.7,South Kesteven,S26/1098,Conditions,Small,Undecided,2026-06-24,,The Old School House Station Road East Grantham Lincolnshire NG31 6HX,"Submission of details reserved by conditions 10 (Materials), 11 (soft landscaping works), 12 (Sustainable Building) and 13 (Parking Management Plan) of planning permission S24/1327",The Planning Hub,https://www.planit.org.uk/planapplic/SouthKesteven/S26/1098/,https://prod.publicaccess.southkesteven.gov.uk/online-applications/applicationDetails.do?activeTab=summary&keyVal=TH4RVAONILC00,materials management plan
7,85.8,Shropshire,26/02091/DIS,Conditions,Small,Undecided,2026-06-04,,Spring Lea Plealey Road Lea Cross Shrewsbury Shropshire SY5 8HU,"Discharge of conditions 3 (external materials), 4 (land stability), 5 (landscaping), 6 (landscape management plan), 7 (tree protection), 9 (bat and bird boxes) and 10 (lighting plan) on planning permission 25/02112/FUL",Berrys,https://www.planit.org.uk/planapplic/Shropshire/26/02091/DIS/,https://pa.shropshire.gov.uk/online-applications/applicationDetails.do?activeTab=summary&keyVal=TG2IMRTDIXO00,materials management plan
7,87.0,North Northamptonshire,26/01905/LBC,Heritage,Small,Undecided,2026-07-08,,Brook Farmhouse Main Street Lutton PE8 5ND,Replacement wooden framed windows with double glazing casements and 20mm glazing bars. (part retrospective). Removal and blocking up of window W10 and reduction in opening for window W11 both on the on the northeast elevation of the lean-to (retrospective). Replacement roofs to outbuilding and lean-to from asbestos to replica Collyweston Slates. Carry out repairs to roof using replica Collyweston Slates.,Terrence Hodgkins Architect,https://www.planit.org.uk/planapplic/NorthNorthamptonshire/26/01905/LBC/,https://publicaccess.northnorthants.gov.uk/online-applications/applicationDetails.do?keyVal=THV9FEIUFNT00&activeTab=summary,asbestos
7,89.6,Chesterfield,CHE/26/00359/DOC,Conditions,Small,Undecided,2026-05-12,,Land To The Rear Of 5 To 6 Walton Walk Boythorpe Chesterfield Derbyshire,"Discharge of conditions 3 (Scheme for biodiversity net gain), 6 (Materials), 7 (Storage of plant material during construction), 12 (Construction Management Plan), 15 (Lighting details), 16 (Contamination reports) and 19 (Sustainable drainage scheme) of application CHE/23/00084/FUL- Erection of a pair of semi-detached dwellings with associated works and access from Central Avenue",See source,https://www.planit.org.uk/planapplic/Chesterfield/CHE/26/00359/DOC/,https://publicaccess.chesterfield.gov.uk/online-applications/applicationDetails.do?activeTab=summary&keyVal=TEXKDIEP05F00,materials management plan
7,89.7,Buckinghamshire,PL/26/06834/CONDA,Conditions,Small,Undecided,2026-08-24,,Site Of The Former 112 High Street Aylesbury Buckinghamshire,"Approval of details subject to conditions 5 (slab levels), 7 (materials), 12 (green roof) and 23 (construction traffic management plan) of planning approval 23/02848/APP",WGArchitects Ltd,https://www.planit.org.uk/planapplic/Bucks/PL/26/06834/CONDA/,https://publicaccess.buckinghamshire.gov.uk/online-applications/applicationDetails.do?keyVal=TKAA1ZESM5E00&activeTab=summary,materials management plan
7,106.9,Fenland,F/YR26/3084/COND,Conditions,Medium,Undecided,2026-05-28,,Land South Of 127-141 Coates Road Coates Cambridgeshire,"Details reserved by conditions 06 (Road Maintenance), 07 (Estate road construction scheme), 08 (Foul Drainage), 09 (Surface Water Drainage),10 (Surface Water Run-Off), 11 (Construction Environmental Management Plan CEMP), 12 (Whitecross Stone Management),13 (Arboricultural Impact Assessment and Method Statement),14 (Construction Environmental Management Plan CEMO - Biodiversity),15 (Materials),16 (Refuse Strategy) and 18 (External Lighting) of planning permission F/YR23/0648/F (Hybrid application: Full planning permission to erect 18 x dwellings (2 x single-storey 2-bed, 1 x 2-storey 2-bed, 2 x single-storey 3-bed, 4 x 3-storey 3-bed, 7 x 2-storey 4-bed 1 x 2-storey 6-bed and 1 x 3-storey 6-bed) including 2 x self-build dwellings and the formation of 3 x accesses and a pedestrian footpath. Outline application with matters committed in respect of access to erect 2 x self-build dwellings)",B M Design Consultancy,https://www.planit.org.uk/planapplic/Fenland/F/YR26/3084/COND/,https://www.publicaccess.fenland.gov.uk/publicaccess/applicationDetails.do?activeTab=summary&keyVal=TFR8LHHEGYE00,materials management plan
6,8.4,Solihull,PL/2026/01481/DIS,Conditions,Small,Permitted,2026-08-10,2026-08-13,47 Lady Byron Lane Knowle Solihull B93 9AX,Discharge of Condition 3- Materials; Condition 6- Tree Protection; Condition 14- Construction Management Plan (CMS) of planning approval PL/2026/00624/PPFL- Erect replacement dwelling.- Approved 5.8.26.,,https://www.planit.org.uk/planapplic/Solihull/PL/2026/01481/DIS/,https://publicaccess.solihull.gov.uk/online-applications/applicationDetails.do?keyVal=TJK9WJOELKI00&activeTab=summary,materials management plan
6,12.4,Birmingham,2026/05641/PA,Full,Small,Undecided,2026-09-01,,266 Lakey Lane Hall Green Birmingham B28 8RA,Demolition of existing garages and erection of single dwellinghouse and garage to rear,See source,https://www.planit.org.uk/planapplic/Birmingham/2026/05641/PA/,https://planning.birmingham.gov.uk/NECSWS/ES/Presentation/Planning/OnlinePlanning/OnlinePlanningOverview?applicationNumber=2026%2F05641%2FPA,demolition
6,12.5,Warwick,W/26/1267,Other,Small,Undecided,2026-08-27,,"Former Kenilworth Sixth Form, Rouncil Lane, Kenilworth, CV8 1FN",Application for Prior Approval for proposed demolition of the Former Kenilworth Sixth Form College.,,https://www.planit.org.uk/planapplic/Warwick/W/26/1267/,https://planningdocuments.warwickdc.gov.uk/online-applications/applicationDetails.do?activeTab=summary&keyVal=_WARWI_DCAPR_100729,demolition
6,17.9,Warwick,W/26/0671/LB,Heritage,Small,Permitted,2026-05-13,2026-08-18,"The Benjamin Satchwell, 112-114 Parade, Leamington Spa, CV32 4AQ","Repairs to existing pitched roofs, removal of existing roof lantern, removal of existing asbestos roof, replacement of existing flat roof coverings, installation of 7no. condenser units, new extraction units and plant equipment, alterations to existing plant deck and associated 3m tall acoustic fencing and various internal works including alterations to existing bar, kitchen and internal customer area.",DVA ventures Limited,https://www.planit.org.uk/planapplic/Warwick/W/26/0671/LB/,https://planningdocuments.warwickdc.gov.uk/online-applications/applicationDetails.do?keyVal=_WARWI_DCAPR_100018&activeTab=summary,asbestos
6,18.4,Birmingham,2026/03317/PA,Conditions,Small,Permitted,2026-06-18,2026-08-26,Brindley Drive Multi-storey Car Park Brindley Drive Birmingham B1 2NB,Application to determine the details for condition number (17-Submission of hard and soft landscape details 18- Submission of hard surfacing materials 19-Submission of boundary treatment details 26-Landscape management plan) attached to reference number 2022/07980/PA,See source,https://www.planit.org.uk/planapplic/Birmingham/2026/03317/PA/,https://planning.birmingham.gov.uk/NECSWS/ES/Presentation/Planning/OnlinePlanning/OnlinePlanningOverview?applicationNumber=2026%2F03317%2FPA,materials management plan
6,23.1,Stratford on Avon,26/02172/ADJCON,Outline,Small,Undecided,2026-08-27,,Lower Print Farm Bascote Southam CV47 2DY,Full planning application for the demolition of three agricultural buildings (subject to Class Q Prior Approval under LPA reference 25/01126/COUQ) and erection of three self-build dwellings and associated development.,,https://www.planit.org.uk/planapplic/StratfordOnAvon/26/02172/ADJCON/,https://apps.stratford.gov.uk/EplanningV2/AppDetail/Index/b7aa1e11-0d32-c1d4-83f3-08df0500900a,demolition
6,25.8,Hinckley and Bosworth,26/00427/DISCON,Conditions,Small,Permitted,2026-05-11,2026-07-27,The Royal Arms Main Street Sutton Cheney Nuneaton Leicestershire CV13 0AG,"Application to discharge conditions 3 (materials), 5 (Surface water drainage system) ,6 (Surface water management), 7 (drainage long term maintenance), 8 (electric vehicle charging), 9 (CEMP), 14 (noise), 17 (waste) attached to planning permission 21/01038/FUL",Ideal Design Ltd,https://www.planit.org.uk/planapplic/Hinckley/26/00427/DISCON/,https://pa.hinckley-bosworth.gov.uk/online-applications/applicationDetails.do?activeTab=summary&keyVal=TEX7BNII0QK00,materials management plan
6,27.0,Rugby,R26/0646,Conditions,Small,Permitted,2026-07-01,2026-09-01,"Land adjacent to and south of Church Farm, Church Street, Churchover, Rugby, CV23 0EW","Details of condition 4 (Window & Porch Details), 17 (Tree Planting Specification) and 22 (External Lighting) of R26/0103. (Variation of Condition 2 (approved plans) to allow the dwelling and garage to be repositioned 400 mm away from the site boundary and removal of Conditions 3 (External Materials), 7 (Hard Surfacing and Driveway Materials), 10 (Boundary Treatments), 11 (Site Levels), 12 (Drainage), 13 (Construction Management Plan) 15 (Archaeology) and 19 (EV Charging) of R24/0914 (Erection of a dwelling, garage, car-port and associated parking).",See source,https://www.planit.org.uk/planapplic/Rugby/R26/0646/,https://planning.agileapplications.co.uk/rugby/application-details/42351,materials management plan
6,27.3,Bromsgrove Redditch,26/01019/FUL,Full,Small,Undecided,2026-09-01,,1075 Evesham Road Astwood Bank Redditch Worcestershire B96 6EB,Demolition of existing dwelling and garage and replacement with two detached dwellings with detached garages,ArchiWildish Ltd,https://www.planit.org.uk/planapplic/BromsgroveRedditch/26/01019/FUL/,https://publicaccess.bromsgroveandredditch.gov.uk/online-applications/applicationDetails.do?activeTab=summary&keyVal=TKOS99SEMZ200,demolition
6,31.9,Harborough,26/00803/PCD,Conditions,Small,Permitted,2026-06-03,2026-08-07,Land Off Coopers Lane Dunton Bassett Leicestershire,"Discharge of Conditions 3 (materials), 10 (CEMP), 11 (landscape scheme), 12 (lighting), 13 (manure management), 14 (levels - manege), 15 (surfacing - manege) and 16 (fencing - manege) of 25/00533/FUL",Simon Cheshire Planning Ltd,https://www.planit.org.uk/planapplic/Harborough/26/00803/PCD/,https://pa2.harborough.gov.uk/online-applications/applicationDetails.do?keyVal=TG1KPXHWGMP00&activeTab=summary,materials management plan
6,36.2,Wychavon,W/26/02084/NMA,Amendment,Small,Undecided,2026-09-04,,The Old Rectory Kington Lane Kington Worcester WR7 4DQ,Non-material amendment to planning permission W/26/00365/HP for demolition of existing rear extensions and erection of single storey rear extension - reduction in the number of 3 permitted plateau lanterns to 1 and change to a pyramidical style with a parapet wall.,See source,https://www.planit.org.uk/planapplic/Wychavon/W/26/02084/NMA/,https://plan.wychavon.gov.uk/Planning/Display/W/26/02084/NMA,demolition
6,38.0,Wychavon,W/26/01570/CCO,Conditions,Small,Permitted,2026-07-08,2026-08-24,3 Orchard Close Church Lench WR11 4DG,Discharge of Conditions 3 (External materials) and 9 (Construction Traffic Management Plan) of Planning Permission number W/25/01397/FUL,See source,https://www.planit.org.uk/planapplic/Wychavon/W/26/01570/CCO/,https://plan.wychavon.gov.uk/Planning/Display/W/26/01570/CCO,materials management plan
6,38.2,Wychavon,W/26/02023/FUL,Full,Small,Undecided,2026-08-27,,Lower Church Farm Bishampton Road Flyford Flavell Worcester WR7 4BX,"Demolition of existing barn (approved for conversion to 2 dwellings under W/23/00962/GPDQ) and erection of alternative scheme for construction of a single self-build dwelling unit with associated parking, gardens and associated works - (Variation of conditions 2, 4 & 5 Ref. W/25/00469/FUL)",See source,https://www.planit.org.uk/planapplic/Wychavon/W/26/02023/FUL/,https://plan.wychavon.gov.uk/Planning/Display/W/26/02023/FUL,demolition
6,38.8,Cannock Chase,CH/26/256,Full,Small,Undecided,2026-09-01,,"21, Cemetery Road, West Chadsmoor, Cannock, WS11 5QH",Demolition and replacement of outbuilding to rear,See source,https://www.planit.org.uk/planapplic/CannockChase/CH/26/256/,https://planning.agileapplications.co.uk/cannock/application-details/28536,demolition
6,39.4,North West Leicestershire,26/01112/FUL,Full,Small,Undecided,2026-08-27,,36 Parsonwood Hill Whitwick Coalville Leicestershire LE67 5AT,Demolition of exiting garage and erection of two storey side extension,Jonathan Bradbury Architecture Ltd,https://www.planit.org.uk/planapplic/NorthWestLeicestershire/26/01112/FUL/,https://plans.nwleics.gov.uk/public-access/applicationDetails.do?activeTab=summary&keyVal=TKFR4BLRJEZ00,demolition
6,39.5,Leicester,20260715,Conditions,Small,Conditions,2026-05-20,2026-07-22,"160 Hinckley Road, Wyggestons Hospital","Approval of details reserved by Conditions 2 (Materials), 3 (Construction Management Plan), 5 (Lighting (Ecology), 6 (Landscape and Ecological Management Plan), 7 (Suds Details), 8 (Drainage Details), 9 (Energy), 10 (Preliminary Ecological Appraisal), 13 (Bins), 14 (Cycle Parking) attached to planning permission 20230569",See source,https://www.planit.org.uk/planapplic/Leicester/20260715/,https://planning.leicester.gov.uk/Planning/Display/20260715,materials management plan
6,40.4,Wychavon,W/26/01661/CCO,Conditions,Small,Permitted,2026-07-20,2026-08-05,Callow Farm Sneads Green Elmley Lovett WR9 0PZ,"Discharge of Condtion 3 (materials), Condition 5 (Water Management Statement) and Condition 8 (bird nesting) of planning application W/25/02037/FUL",See source,https://www.planit.org.uk/planapplic/Wychavon/W/26/01661/CCO/,https://plan.wychavon.gov.uk/Planning/Display/W/26/01661/CCO,materials management plan
6,43.0,Charnwood,P/26/1625/2,Other,Small,Undecided,2026-08-26,,"Site formally occupied by Ryedale Caravans, Ashby Road, Shepshed, Loughborough, LE12 9BS",Demolition of all buildings on site (Under GPDO Schedule 2 Part 11 Class B),See source,https://www.planit.org.uk/planapplic/Charnwood/P/26/1625/2/,https://planningexplorer.charnwood.gov.uk/Assure/ES/Presentation/Planning/OnlinePlanning/OnlinePlanningOverview?applicationNumber=P%2F26%2F1625%2F2,demolition
6,43.6,Leicester,20261286,Full,Small,Undecided,2026-08-24,,4 The Common,Variation of conditions 3 (Approved Plans) attached to planning permission 20242021 (Demolition of rear extension and chimneys; construction of single storey front and rear extensions; hip to gable roof; dormers to front and rear with balcony; alterations to house (Class C3) (amended details received 07/04/2025)) to allow for the increase in footprint of the approved front extension,See source,https://www.planit.org.uk/planapplic/Leicester/20261286/,https://planning.leicester.gov.uk/Planning/Display/20261286,demolition
6,43.8,East Staffordshire,P/2026/00500,Conditions,Small,Permitted,2026-05-06,2026-06-30,HURST FARM PINFOLD LANE BROMLEY HURST ABBOTS BROMLEY WS15 3AF,Discharge of condition number 3 (contamination investigation) of planning permission P/2025/00800 relating to change of use of agricultural land and Sui Generis land associated with commercial dog kennels (application ref. P/2019/00848) to be used as residential curtilage (Class C3) associated with the former farmhouse at Hurst Farm.,Vista Planning,https://www.planit.org.uk/planapplic/EastStaffordshire/P/2026/00500/,https://eaststaffs-publicportal.statmap.co.uk/horizoNext/publicportal/planningapplications/643779,land contamination
6,44.3,Leicester,20261292,Full,Small,Undecided,2026-08-25,,26 Edgehill Road,Partial demolition of dwelling including removal of bay windows to front; first floor extension; extension to rear; outbuilding to rear; reconstruction of dwelling with two storey extension to front; upwards extension at first floor; single storey extension at side; two storey extension at rear; single storey extension to rear; boundary wall at rear; installation of hardstanding at front; alterations to dwellinghouse (Class C3),See source,https://www.planit.org.uk/planapplic/Leicester/20261292/,https://planning.leicester.gov.uk/Planning/Display/20261292,demolition
6,44.5,Leicester,20261293,Full,Small,Undecided,2026-08-25,,139 Marydene Drive,Demolition of detached garage at side of house; construction of a single-storey detached residential annexe at side of house (Class C3),See source,https://www.planit.org.uk/planapplic/Leicester/20261293/,https://planning.leicester.gov.uk/Planning/Display/20261293,demolition
6,46.7,Wyre Forest,26/0661/CLP,Outline,Small,Undecided,2026-08-25,,5 Grosvenor Wood Bewdley Worcestershire DY12 2HY,Certificate of Lawfulness Proposed use for demolition of garage and construct side extension,Grace N Plant And Associates,https://www.planit.org.uk/planapplic/WyreForestDC/26/0661/CLP/,https://planningpa.wyreforestdc.gov.uk/online-applications/applicationDetails.do?keyVal=TKDGA9SI01000&activeTab=summary,demolition
6,47.6,Malvern Hills,M/26/01148/CCO,Conditions,Small,Permitted,2026-07-28,2026-09-01,Hallow Church Of England Primary School Main Road Hallow Worcester WR2 6LD,Discharge of conditions 3 (external materials) and 4 (Construction Envirnomental Management Plan) of planning permission M/26/00467/FUL,See source,https://www.planit.org.uk/planapplic/MalvernHills/M/26/01148/CCO/,https://plan.malvernhills.gov.uk/Planning/Display/M/26/01148/CCO,materials management plan
6,47.7,North West Leicestershire,26/01131/FUL,Full,Small,Undecided,2026-08-28,,78 Main Street Long Whatton Leicestershire LE12 5DG,Demolition of existing conservatory and erection of a single storey rear extension,DPAS Ltd,https://www.planit.org.uk/planapplic/NorthWestLeicestershire/26/01131/FUL/,https://plans.nwleics.gov.uk/public-access/applicationDetails.do?keyVal=TKOJ4FLR0UE00&activeTab=summary,demolition
6,49.2,Charnwood,P/26/1610/2,Outline,Small,Undecided,2026-08-25,,"23 Birch Avenue, Barrow Upon Soar, Leicestershire, LE12 8SJ",Erection of single storey rear extension following demolition of conservatory.,See source,https://www.planit.org.uk/planapplic/Charnwood/P/26/1610/2/,https://planningexplorer.charnwood.gov.uk/Assure/ES/Presentation/Planning/OnlinePlanning/OnlinePlanningOverview?applicationNumber=P%2F26%2F1610%2F2,demolition
6,51.5,Cherwell,26/01720/CLUP,Outline,Small,Permitted,2026-07-03,2026-08-28,The Ranch Moor Lane South Newington OX15 4JQ,Replacement of asbestos based roof slates with artificial slates and addition of Solar PV panels to rear roof slope.,See source,https://www.planit.org.uk/planapplic/Cherwell/26/01720/CLUP/,https://planningregister.cherwell.gov.uk/Planning/Display/26/01720/CLUP,asbestos
6,51.6,South Derbyshire,DMPA/2026/1150,Full,Small,Undecided,2026-08-27,,"Field View, Unnamed Road From Marlpit Lane To James Lane, Sutton On The Hill, Derby, DE6 5JA",Demolition of the existing garage and stores and the erection of a two storey and single storey link extension to the side to create a new residential annexe at,,https://www.planit.org.uk/planapplic/SouthDerbyshire/DMPA/2026/1150/,https://southderbyshire.my.site.com/s/planning-application/a0bP200000G0PJlIAN,demolition
6,52.3,Derby,26/01163/DEM,Outline,Small,Undecided,2026-09-02,,Sinfin A Site Rolls Royce PLC Victory Road Derby DE24 8EJ,Demolition of building DF28,AECOM,https://www.planit.org.uk/planapplic/Derby/26/01163/DEM/,https://eplanning.derby.gov.uk/online-applications/applicationDetails.do?keyVal=TKQPN6FSGHN00&activeTab=summary,demolition
6,52.3,Derby,26/01165/DEM,Outline,Small,Undecided,2026-09-02,,Sinfin A Site Rolls Royce PLC Victory Road Derby DE24 8EJ,Demolition of building DF30,AECOM,https://www.planit.org.uk/planapplic/Derby/26/01165/DEM/,https://eplanning.derby.gov.uk/online-applications/applicationDetails.do?keyVal=TKQV82FSGHS00&activeTab=summary,demolition
6,53.1,Wychavon,W/26/00999/CCO,Conditions,Small,Permitted,2026-05-05,2026-07-29,Land At (Os 9795 3584) Station Road Beckford,"Discharge of Conditions 4 (Materials), 5 (Boundary treatment), 9 (Construction Environmental Management Plan for Biodiversity) and 10 (Finished floor levels) of planning permission W/24/01206/TDC5",See source,https://www.planit.org.uk/planapplic/Wychavon/W/26/00999/CCO/,https://plan.wychavon.gov.uk/Planning/Display/W/26/00999/CCO,materials management plan
6,54.1,Cotswold,26/02057/LBC,Heritage,Small,Permitted,2026-07-07,2026-08-28,The Row Donnington Gloucestershire,"Structural remediation and internal consolidation work to roof trusses, purlins, and first-floor joists of existing Grade II listed dwelling",Mr Laurie Wilcox,https://www.planit.org.uk/planapplic/Cotswold/26/02057/LBC/,https://publicaccess.cotswold.gov.uk/online-applications/applicationDetails.do?keyVal=THT25KFIKNB00&activeTab=summary,remediation
6,58.4,Rushcliffe,26/00816/VAR,Conditions,Small,Rejected,2026-05-12,2026-07-21,Land West Of Grange Farm Moor Lane Bunny Nottinghamshire,"Variation of Condition 2 (Approved Plans), 10 (Shared drive), 12 (Landscaping plan), 13 (Landscaping and Ecological Management Plan), 16 (Lighting Scheme), 18 (Electric Vehicle Charge Points) for planning application 21/00302/FUL to enable amendment to approved plot designs and access/surface materials. Proposed details pursuant to Conditions 12, 13, 16 and 18.",Natalie Dear Planning Consultancy,https://www.planit.org.uk/planapplic/Rushcliffe/26/00816/VAR/,https://planningon-line.rushcliffe.gov.uk/online-applications/applicationDetails.do?keyVal=TEVBZ7NLM1Q00&activeTab=summary,materials management plan
6,58.6,Derby,26/01153/CLE,Amendment,Small,Undecided,2026-09-04,,42 Cornhill Derby DE22 2FS,Formal confirmation that a material operation has been undertaken within the prescribed time limit sufficient to implement planning consent 23/00744/FUL - Demolition of existing kitchen annex with outside toilet. Extension to add a new integral single garage with blocking off of existing garage door and replacement with a window on the front elevation. Extended single storey living space to the rear including relocated kitchen and living space with garden room. Associated landscaping to the rear.,,https://www.planit.org.uk/planapplic/Derby/26/01153/CLE/,https://eplanning.derby.gov.uk/online-applications/applicationDetails.do?keyVal=TKKM4TFSGFR00&activeTab=summary,demolition
6,59.4,Tewkesbury,26/00057/CONDIS,Conditions,Small,Permitted,2026-05-11,2026-07-01,Hales Farm Malleson Road Gotherington Cheltenham Gloucestershire GL52 9EX,"Application for approval of details subject to Conditions 3 (Construction management plan), 5 (Floor slab level details) and 8 (External materials) of planning application ref number 24/00604/FUL",,https://www.planit.org.uk/planapplic/Tewkesbury2/26/00057/CONDIS/,https://publicaccess.tewkesbury.gov.uk/online-applications/applicationDetails.do?keyVal=TEV6V1QDL4700&activeTab=summary,materials management plan
6,75.5,Newark and Sherwood,26/01030/S73M,Amendment,Medium,,2026-07-06,,Former Tall Trees Nurseries Nottingham Road Bulcote,"Variation of Conditions 18 (Approved Drawings), 17 (Materials), and 16 (Gated Access) including approval of technical details in relation to Conditions 10 (Cycle Parking and EV Charging Points), 5 (Construction Management Plan), 2 (Ground Investigations), 11 (Landscape) and 13 (Ecology) attached to planning permission 23/02161/FULM Proposed redevelopment of the former Tall Trees Nurseries with 14no. business/workshop starter units (Class E(g))",See source,https://www.planit.org.uk/planapplic/Newark/26/01030/S73M/,https://publicaccess.newark-sherwooddc.gov.uk/online-applications/applicationDetails.do?activeTab=summary&keyVal=THQQJZLBLE800,materials management plan
6,90.0,Buckinghamshire,PL/26/06343/HB,Heritage,Small,Undecided,2026-08-06,,Helsthorpe Farm Crafton Crafton Mentmore Buckinghamshire LU7 0QL,Listed building consent for structural remediation works and superstructure repairs following subsidence damage,Sedgwick International UK,https://www.planit.org.uk/planapplic/Bucks/PL/26/06343/HB/,https://publicaccess.buckinghamshire.gov.uk/online-applications/applicationDetails.do?keyVal=TJCPRYESKDB00&activeTab=summary,remediation
6,103.4,South Holland,H02-0733-26,Conditions,Small,Undecided,2026-07-31,,Land at Blackbird Close Crowland Peterborough PE6 0BA,"Details of written scheme of archaeological investigation (WSI), biodiversity gain plan, written 30-year Habitat Management and Maintenance Plan (HMMP), contamination of land, pollution of controlled waters, existing and proposed site levels, proposed floor levels of the buildings, hard surfaced areas, garden/amenity areas, foul and surface water disposal, scheme of landscaping and tree planting, schedule of external materials and 3 integrated universal nest bricks (Conditions 3, 6, 7, 8, 9, 10, 11, 12 and 14 of H02-0545-26)",,https://www.planit.org.uk/planapplic/SouthHolland/H02-0733-26/,https://planning.sholland.gov.uk/OcellaWeb/planningDetails?reference=H02-0733-26&from=planningSearch,materials management plan
6,104.2,Huntingdonshire,26/80195/COND,Conditions,Small,Undecided,2026-07-27,,Land Opposite 256 Oilmills Road Ramsey Mereside,Discharge of condition 8C (Site Investigation contamination) 19/01909/FUL (Development of four new dwellings and associated garages and car parking and change of use commercial land to residential land),Land Development Solutions Ltd,https://www.planit.org.uk/planapplic/Huntingdonshire/26/80195/COND/,https://publicaccess.huntingdonshire.gov.uk/online-applications/applicationDetails.do?keyVal=TITR30IKGJ100&activeTab=summary,land contamination
6,105.2,Sheffield,25/02893/COND1,Conditions,Small,Undecided,2026-07-21,,Sheffield Institute For Translational Neuroscience 385A Glossop Road Sheffield S10 2HQ,"Application to approve details in relation to condition number(s): 5 (Habitat Management Plan (HMP)), 12 (External Materials), 13 (Large Scale Details), 15 (Public Art), 18 (Footway Reconstruction), 20 (External Signage), 21 (Sound Attenuation), 26 (Materials & Finishes), 27 (Refuse & Recycling Storage), 28 (Cycle Storage), 31 (Hard & Soft Landscaping) and the statutory Biodiversity Net Gain condition imposed by planning permission 25/02893/FUL",See source,https://www.planit.org.uk/planapplic/Sheffield/25/02893/COND1/,https://planningapps.sheffield.gov.uk/online-applications/applicationDetails.do?activeTab=summary&keyVal=TIJ6MXNYMCI00,materials management plan
6,106.0,Sheffield,26/02483/FUL,Full,Small,Undecided,2026-08-18,,"Huntsman House, Brearley House, Pickering House, Bolsover House, Mary Page House Edward Street, Kenyon Street, Solly Street Netherthorpe Sheffield","Facade remediation works, including replacement of aluminium spandrel panels; timber/copper/zinc/cedar cladding",See source,https://www.planit.org.uk/planapplic/Sheffield/26/02483/FUL/,https://planningapps.sheffield.gov.uk/online-applications/applicationDetails.do?activeTab=summary&keyVal=TJYN9WNYFHZ00,remediation
6,108.1,Buckinghamshire,PL/26/04909/CONDA,Conditions,Small,Undecided,2026-06-16,,48 Roberts Road High Wycombe Buckinghamshire HP13 6XB,"Application for approval of details subject to conditions 4 (Ecology), 5 (Construction Management Plan), 10 (Renewable's), 14(Materials), and 15 (External Materials) of planning approval 21/08726/FUL",RPR Planning Ltd,https://www.planit.org.uk/planapplic/Bucks/PL/26/04909/CONDA/,https://publicaccess.buckinghamshire.gov.uk/online-applications/applicationDetails.do?keyVal=TGQ9MCESN4E00&activeTab=summary,materials management plan
6,109.8,Buckinghamshire,PL/26/05087/VRC,Conditions,Small,Undecided,2026-06-22,,Hamberley House Rectory Hill Hambleden Buckinghamshire RG9 6RS,"Variation of conditions 2 (approved plans), 3 (approved materials), 4 (approval of joinery), 5 (rainwater goods), 6 (no removal of chimney), 7 (boundary treatment, 9 (footpath photo survey), 15 (landscaping), 16 (arboricultural method statement/ tree protection plan), 17 (site levels) and 19 (construction traffic management plan) attached to planning permission 24/06899/FUL (Householder application for extensions and alterations to dwelling, swimming pool, landscaping, closing off existing access and relocation of vehicle access in connection with the formation of new parking area and new boundary treatment) to allow for the removal of chimney at the rear of the property and the variation of wording to other conditions",JPPC,https://www.planit.org.uk/planapplic/Bucks/PL/26/05087/VRC/,https://publicaccess.buckinghamshire.gov.uk/online-applications/applicationDetails.do?keyVal=TH1842ESFZU00&activeTab=summary,materials management plan
5,65.9,West Oxfordshire,26/01097/CND,Conditions,Small,Permitted,2026-05-05,2026-07-30,Limbeck Cottages Stonesfield Road Stonesfield Oxfordshire OX29 8FB,"Discharge of conditions 6 (contamination desk study), 8 (construction environmental management plan - biodiversity), 9 (ecological enhancement), 10 (external lighting design strategy), 11 (landscaping scheme), 13 (materials) and 14 (window and door details) of planning permission 23/02837/FUL.",,https://www.planit.org.uk/planapplic/WestOxfordshire/26/01097/CND/,https://publicaccess.westoxon.gov.uk/online-applications/applicationDetails.do?keyVal=TEK9DLRKM9E00&activeTab=summary,materials management plan
5,66.1,Cheltenham,26/01245/AMEND,Amendment,Small,Permitted,2026-08-04,2026-08-11,Car Park North Place Cheltenham Gloucestershire GL50 4DW,Non-material amendment of granted permission 24/00236/FUL to vary the wording of condition 10 (contaminated land) to allow for phased occupation of dwellings.,,https://www.planit.org.uk/planapplic/Cheltenham/26/01245/AMEND/,https://publicaccess.cheltenham.gov.uk/online-applications/applicationDetails.do?keyVal=TJ8RXQELLHA00&activeTab=summary,land contamination
5,66.7,Staffordshire Moorlands,SMD/2026/0409,Other,,Undecided,2026-09-03,,"1191 , Uttoxeter Road , Blythe Bridge , Staffordshire , ST3 6HJ",Demolition of existing conservatory and construction of replacement single storey extension,See source,https://www.planit.org.uk/planapplic/StaffordshireMoorlands/SMD/2026/0409/,http://publicaccess.staffsmoorlands.gov.uk/portal/servlets/ApplicationSearchServlet?PKID=184023,demolition
5,67.7,Nottingham,26/01536/PFUL3,Full,Small,Undecided,2026-08-26,,212 Mansfield Road Nottingham Nottingham City NG5 2BU,"Rear single-storey infill extension, alteration of window size on the rear elevation and demolition of conservatory and outbuilding.",FROMTHEGROUNDUP Studio Limited,https://www.planit.org.uk/planapplic/Nottingham/26/01536/PFUL3/,https://publicaccess.nottinghamcity.gov.uk/online-applications/applicationDetails.do?keyVal=TKDLEWLYJ5800&activeTab=summary,demolition
5,67.9,West Oxfordshire,26/02067/NMA,Amendment,Small,Undecided,2026-08-25,,Heronwood 38 Stonesfield Road Combe Witney Oxfordshire OX29 8PE,"Demolition of existing garage and erection of single storey side extensions to create an entrance porch and an annexe. Construction of front dormer to existing living room and conversion of loft including two dormers to provide additional living space (amended plans) (non-material amendment to allow alterations to external finish, alterations to fenestration and the installation of a rooflight to the east elevation)",,https://www.planit.org.uk/planapplic/WestOxfordshire/26/02067/NMA/,https://publicaccess.westoxon.gov.uk/online-applications/applicationDetails.do?keyVal=TKBQTWRKGA500&activeTab=summary,demolition
5,71.4,Ashfield,V/2026/0290,,Small,Permitted,2026-05-07,2026-06-23,"Former Hucknall Town Football Club, Watnall Road, Hucknall, Nottinghamshire, NG15 7LP","Application for approval of details reserved by condition 10d, part discharge, of planning permission v/2016/0619 - verification report for plot 10",,https://www.planit.org.uk/planapplic/Ashfield/V/2026/0290/,https://planning.ashfield.gov.uk/planning-applications/planning-application/?RefType=GFPlanning&KeyNo=244297,verification report
5,71.6,Staffordshire Moorlands,SMD/2026/0418,Trees,Small,Undecided,2026-09-07,,"HM YOUNG OFFENDERS INSTITUTION , Ash Bank Road , Werrington , Staffordshire , ST9 0DX","DEMOLITION OF THE EXISTING STORAGE UNIT AND REMOVAL OF SELECTED TREES TO FACILITATE THE FORMATION OF A NEW CAR PARK, PEDESTRIAN WALKWAYS AND ASSOCIATED RETAINING WALLS. THE WORKS WILL ALSO INCLUDE THE CONSTRUCTION OF A NEW CONCRETE FLOOR SLAB FOR THE WORKS CABIN, ALTERATIONS AND IMPROVEMENTS TO THE SURFACE WATER AND FOUL DRAINAGE SYSTEMS, AND THE INSTALLATION OF A NEW SURFACE WATER ATTENUATION TANK.",See source,https://www.planit.org.uk/planapplic/StaffordshireMoorlands/SMD/2026/0418/,http://publicaccess.staffsmoorlands.gov.uk/portal/servlets/ApplicationSearchServlet?PKID=184065,demolition
5,72.6,North Northamptonshire,26/02428/FUL,Full,Small,Undecided,2026-08-27,,14 Cedar Way Higham Ferrers NN10 8ES,"Demolition, alteration and extension of existing detached bungalow to create two semi-detached dwellinghouses, including raising the roof ridge and associated external alterations, parking, access and landscaping",Sidey Design Architecture,https://www.planit.org.uk/planapplic/NorthNorthamptonshire/26/02428/FUL/,https://publicaccess.northnorthants.gov.uk/online-applications/applicationDetails.do?keyVal=TKFWKLIUHLS00&activeTab=summary,demolition
5,74.5,Gloucestershire,26/0037/COMPLI,Conditions,,,2026-05-22,,"6 - 8 Barnwood Road, Gloucester, Gloucestershire, GL2 0RX","Discharge of conditions 3(Cycle Storage), 6(Materials), 7(Occupancy), 8(Hedgehogs), 9(Waste Management), 10(Bat Safeguarding), 11(Protection of Species), 12(External Lighting), 13(Nesting Birds), 14(BGP), 15(Planting), 16(CEMP) & 17(Tree Protection) relating to planning consent 25/0065/GLREG3 dated 19/03/2026.",,https://www.planit.org.uk/planapplic/Gloucestershire/26/0037/COMPLI/,https://planningonline.gloucestershire.gov.uk/planning/index.html?fa=getApplication&id=129370,materials management plan
5,75.9,Gloucester,26/00567/CONDIT,Conditions,Small,,2026-06-26,,46 Goodyere Street Gloucester GL1 4UG,"Discharge of conditions 3 (materials), 4 (low brick walls details), 5 (surface water drainage strategy), 6 (SuDS management and maintenance), 7 (cycle storage) and 8 (construction management plan) and 10 (Ecologcial Enhancement Plan)of planning application 25/00440/FUL which related to the construction of a two bedroom dwelling on land adjacent to 46 Goodyere Street.",House of Designs By Lloyd,https://www.planit.org.uk/planapplic/Gloucester/26/00567/CONDIT/,https://publicaccess.gloucester.gov.uk/online-applications/applicationDetails.do?keyVal=TH8WC8HM0MR00&activeTab=summary,materials management plan
5,78.2,Cherwell,26/01445/F,Full,Small,Permitted,2026-06-08,2026-07-31,Studley Barn Brill Road Horton Cum Studley OX33 1BP,Conversion of existing outbuilding to ancillary use annexe. New tiled roof to replace existing asbestos roof sheeting,See source,https://www.planit.org.uk/planapplic/Cherwell/26/01445/F/,https://planningregister.cherwell.gov.uk/Planning/Display/26/01445/F,asbestos
5,80.8,Newark and Sherwood,26/01302/S73,Amendment,Small,,2026-08-14,,Thurgarton Quarters Farm Priory Road Thurgarton NG25 0RW,"Application for variation of Condition 02 to substitute approved drawings with revised design of Plot 6 and for the discharge of conditions 03 (Remediation), 04 (Signage), 05 (Maintenance and repairs), 06 (External surfaces), 08 (Site access arrangements), 09 (Driveway) and 010 (Cycle Parking) attached planning permission 24/01847/FUL",See source,https://www.planit.org.uk/planapplic/Newark/26/01302/S73/,https://publicaccess.newark-sherwooddc.gov.uk/online-applications/applicationDetails.do?activeTab=summary&keyVal=TJPVEQLBM2C00,remediation
5,81.0,Oxford,26/02081/FUL,Full,Small,Undecided,2026-08-27,,36 Kennett Road Oxford Oxfordshire OX3 7BJ,Demolition of rear conservatory and erection of a single storey rear extension.,See source,https://www.planit.org.uk/planapplic/Oxford/26/02081/FUL/,https://public.oxford.gov.uk/online-applications/applicationDetails.do?keyVal=TKFAJNMFIL300&activeTab=summary,demolition
5,82.4,Oxford,26/02092/FUL,Full,Small,Undecided,2026-08-28,,72 Glebelands Oxford Oxfordshire OX3 7EN,"Demolition of existing side greenhouse. Erection of a part single, part two storey side and rear extension. Formation of a front porch. Formation of a side terrace with balcony. Formation of a terrace with balcony to first floor. Replacement of garage doors to front. Installation of solar panels to roof",See source,https://www.planit.org.uk/planapplic/Oxford/26/02092/FUL/,https://public.oxford.gov.uk/online-applications/applicationDetails.do?activeTab=summary&keyVal=TKH80SMFING00,demolition
5,83.3,Cotswold,26/02558/FUL,Full,Small,Undecided,2026-08-24,,36 St Peters Road Cirencester Gloucestershire GL7 1RG,Variation of condition 2 (approved plans) of permission 26/00515/FUL - 'Erection of single-storey rear extension and front dormer window with associated works. Partial demolition of existing rear extension' to allow for amendment to include installation of ASHP and air conditioning unit,Mr Damon Andrews,https://www.planit.org.uk/planapplic/Cotswold/26/02558/FUL/,https://publicaccess.cotswold.gov.uk/online-applications/applicationDetails.do?keyVal=TK9KAEFILNQ00&activeTab=summary,demolition
5,83.4,Ashfield,V/2026/0552,,Small,Undecided,2026-09-03,,"The Bygones, Woodhouse Lane, Sutton In Ashfield, Nottinghamshire, NG17 3BZ",Permission in principle for a maximum of two dwellings following demolition of the existing buildings,See source,https://www.planit.org.uk/planapplic/Ashfield/V/2026/0552/,https://planning.ashfield.gov.uk/planning-applications/planning-application/?RefType=GFPlanning&KeyNo=245108,demolition
5,83.8,North Northamptonshire,26/02440/LBC,Heritage,Small,Undecided,2026-08-31,,46 Station Road Nassington PE8 6QB,"Proposed demolition of the existing boat house, erection of a new boat house, garden shed and the conversion of the existing garage",SK Architecture,https://www.planit.org.uk/planapplic/NorthNorthamptonshire/26/02440/LBC/,https://publicaccess.northnorthants.gov.uk/online-applications/applicationDetails.do?keyVal=TKMHC2IUHO100&activeTab=summary,demolition
5,83.8,North Northamptonshire,26/02439/HFUL,Full,Small,Undecided,2026-08-31,,46 Station Road Nassington PE8 6QB,"Proposed demolition of the existing boat house, erection of a new boat house, garden shed and the conversion of the existing garage",SK Architecture,https://www.planit.org.uk/planapplic/NorthNorthamptonshire/26/02439/HFUL/,https://publicaccess.northnorthants.gov.uk/online-applications/applicationDetails.do?keyVal=TKMHBWIUHNZ00&activeTab=summary,demolition
5,83.8,Forest of Dean,P1002/26/FUL,Full,Small,Undecided,2026-08-27,,Millbank Chessgrove Lane Longhope Gloucestershire GL17 0LE,"Erection of lower ground floor garage, games room and balcony over. Demolition of existing lower ground floor garage and balcony over.",See source,https://www.planit.org.uk/planapplic/ForestOfDean/P1002/26/FUL/,https://publicaccess.fdean.gov.uk/online-applications/applicationDetails.do?keyVal=TKF284HIJZF00&activeTab=summary,demolition
5,86.0,Buckinghamshire,PL/26/06984/FA,Full,Small,Undecided,2026-08-28,,24 Chearsley Road Long Crendon Buckinghamshire HP18 9AW,"Erection of a single-storey side extension, loft conversion, addition of rooflights, demolition and replacement of existing conservatory. Changes to fenestration",Palmer + Partners Architects Ltd,https://www.planit.org.uk/planapplic/Bucks/PL/26/06984/FA/,https://publicaccess.buckinghamshire.gov.uk/online-applications/applicationDetails.do?keyVal=TKHASUESMOQ00&activeTab=summary,demolition
5,86.3,Bedford,26/01648/FUL,Full,Small,Undecided,2026-08-26,,20 Marlborough Park Kempston Bedford Bedfordshire MK42 8AN,One and two storey side and rear extensions and demolition of existing outbuildings (Revised scheme).,See source,https://www.planit.org.uk/planapplic/Bedford/26/01648/FUL/,https://publicaccess.bedford.gov.uk/online-applications/applicationDetails.do?keyVal=TKDF4CCU03600&activeTab=summary,demolition
5,86.9,Bedford,26/01681/FUL,Full,Small,Undecided,2026-09-01,,33 - 35 St Peters Street Bedford Bedfordshire MK40 2PN,"Formation of a patient set-down and pick-up facility, ancillary to the existing dental use (Use Class E), within the rear curtilage; comprising partial demolition of the rear boundary wall to form a new vehicular access from the rear service lane, one accessible (disabled) transfer bay and one set-down space with associated hardstanding and drainage, boundary treatment, cycle and refuse storage, and an electric vehicle charging point.",See source,https://www.planit.org.uk/planapplic/Bedford/26/01681/FUL/,https://publicaccess.bedford.gov.uk/online-applications/applicationDetails.do?keyVal=TKOF7CCUJP500&activeTab=summary,demolition
5,88.1,Mansfield,2026/0459/HHA,Full,Small,Undecided,2026-08-25,,138 Leeming Lane North Mansfield Woodhouse Nottinghamshire NG19 9EX,DEMOLITION OF EXISTING SINGLE STOREY REAR EXTENSIONS AND ERECTION OF SINGLE STOREY REAR EXTENSIONS. CHANGES TO THE FENESTRATION. INFILL OF EXISTING EXTERNAL PORCH AREA. GARAGE CONVERSION INTO BEDROOM.,See source,https://www.planit.org.uk/planapplic/Mansfield/2026/0459/HHA/,https://planning.mansfield.gov.uk/online-applications/applicationDetails.do?keyVal=TKBPAPKMMVU00&activeTab=summary,demolition
5,88.8,South Oxfordshire,P26/S3795/HH,Full,Small,Undecided,2026-08-28,,Godbegot 16 Aylesbury Road Thame OX9 3AW,"Erection of a single-storey flat-roof rear extension following demolition of the existing conservatory, replacement of selected windows and doors, fenestration alterations and associated internal alterations.",Palmer + Partners Architects Ltd,https://www.planit.org.uk/planapplic/SouthOxfordshire/P26/S3795/HH/,https://southoxfordshire.planning-register.co.uk/Planning/Display?applicationNumber=P26%2FS3795%2FHH,demolition
5,88.8,South Oxfordshire,P26/S3788/LB,Heritage,Small,Undecided,2026-08-27,,Godbegot 16 Aylesbury Road Thame OX9 3AW,"Erection of a single-storey flat-roof rear extension following demolition of the existing conservatory, replacement of selected windows and doors, fenestration alterations and associated internal alterations.",Palmer + Partners Architects Ltd,https://www.planit.org.uk/planapplic/SouthOxfordshire/P26/S3788/LB/,https://southoxfordshire.planning-register.co.uk/Planning/Display?applicationNumber=P26%2FS3788%2FLB,demolition
5,88.8,Buckinghamshire,PL/26/06890/FA,Full,Small,Undecided,2026-08-26,,29 High Street Haddenham Buckinghamshire HP17 8ES,"Demolition of the existing single-storey rear extension and erection of a like-for-like replacement rear extension, together with minor internal alterations and reinstatement of the front entrance door.",Palmer and Partners Architects Ltd,https://www.planit.org.uk/planapplic/Bucks/PL/26/06890/FA/,https://publicaccess.buckinghamshire.gov.uk/online-applications/applicationDetails.do?keyVal=TKD7NMESMC800&activeTab=summary,demolition
5,88.9,Buckinghamshire,PL/26/06873/FA,Full,Small,Undecided,2026-08-25,,110 Rowland Way Aylesbury Buckinghamshire HP19 7SS,"Proposed demolition of existing porch, construction of single storey front extension",MWT Architecture Ltd,https://www.planit.org.uk/planapplic/Bucks/PL/26/06873/FA/,https://publicaccess.buckinghamshire.gov.uk/online-applications/applicationDetails.do?keyVal=TKBWQ2ES0IR00&activeTab=summary,demolition
5,89.1,Mansfield,2026/0258/CON,Conditions,Small,Conditions,2026-05-08,2026-07-14,Leeming Lane Car Wash Site Leeming Lane North Mansfield Woodhouse Nottinghamshire NG19 9EE,"DISCHARGE OF CONDITION 9 (CONSTRUCTION ENVIRONMENT MANAGEMENT PLAN), 10 (ECOLOGICAL ENHANCEMENT PLAN), 11 (SURFACE AND FOUL WATER DRAINAGE) AND 14 (MATERIALS) ON APPLICATION 2024/0513/OUT (OUTLINE APPLICATION FOR THE CONSTRUCTION OF 2 NO UNITS FOR THE USE OF EXISTING CAR WASH/VALETING ON SITE INCLUDING THE MATTERS OF ACCESS, APPEARANCE, LAYOUT AND SCALE)",Spark Design and Planning,https://www.planit.org.uk/planapplic/Mansfield/2026/0258/CON/,https://planning.mansfield.gov.uk/online-applications/applicationDetails.do?keyVal=TEPUNIKMMAL00&activeTab=summary,materials management plan
5,89.4,Bedford,26/01695/FUL,Full,Small,Undecided,2026-09-03,,37 Green Lane Wixams Bedford Bedfordshire MK42 6DA,Demolition of conservatory and erection of a single storey side extension.,See source,https://www.planit.org.uk/planapplic/Bedford/26/01695/FUL/,https://publicaccess.bedford.gov.uk/online-applications/applicationDetails.do?keyVal=TKS42QCUJXC00&activeTab=summary,demolition
5,89.8,Shropshire,26/03210/OUT,Outline,Small,Undecided,2026-09-08,,Marleybar Hollinwood Whixall Whitchurch Shropshire SY13 2NL,Outline application for demolition and removal of existing dilapidated workshop and the erection of a 3 bedroom detached bungalow with garage,CAPS,https://www.planit.org.uk/planapplic/Shropshire/26/03210/OUT/,https://pa.shropshire.gov.uk/online-applications/applicationDetails.do?activeTab=summary&keyVal=TKFWXHTDKTW00,demolition
5,89.9,Wiltshire,PL/2026/04900,Full,Small,Undecided,2026-09-04,,"Land Adjacent Guest Farm, Rixon Gate, Ashton Keynes, SN6 6PH",Demolition of redundant farm buildings and construction of 4 no. dwellings,,https://www.planit.org.uk/planapplic/Wiltshire/PL/2026/04900/,https://development.wiltshire.gov.uk/pr/s/planning-application/a0iQ300000NIr5RIAT,demolition
5,101.0,North Hertfordshire,26/01887/FP,Full,Medium,Undecided,2026-09-04,,Pirton Hall Shillington Road Pirton Hitchin Hertfordshire SG5 3HB,"Erection of two detached dwellings with detached doubles garages following demotion of existing detached garage. Single storey side extension, front infill extension, first floor rear balcony and alterations to fenestration to existing coach house to provide one 3-bed dwelling and erection of detached double garage to serve the coach house. Erection of attached garage to serve Pirton Hall following part demolition of Pirton Hall. Installation of soft and hard landscaping works.",Mr Ian Coward,https://www.planit.org.uk/planapplic/NorthHertfordshire/26/01887/FP/,https://pa2.north-herts.gov.uk/online-applications/applicationDetails.do?activeTab=summary&keyVal=TIXJW2LKJUI00,demolition
4,8.8,North Warwickshire,2026/0477/LBC,Heritage,Small,Undecided,2026-06-18,,Over Whitacre House Nuneaton Road Furnace End B46 2NJ,Listed Building Consent for external refurbishment works consisting of remedial fenestration and roof works,Hickman & Smith Architects,https://www.planit.org.uk/planapplic/NorthWarwickshire/2026/0477/LBC/,https://planning.northwarks.gov.uk/Planning/Display?applicationNumber=2026%2F0477%2FLBC,remediation
4,8.8,North Warwickshire,2026/0466/HH,Full,Small,Undecided,2026-06-17,,Over Whitacre House Nuneaton Road Furnace End B46 2NJ,External refurbishment works consisting of remedial fenestration and roof works,Hickman & Smith Architects,https://www.planit.org.uk/planapplic/NorthWarwickshire/2026/0466/HH/,https://planning.northwarks.gov.uk/Planning/Display?applicationNumber=2026%2F0466%2FHH,remediation
4,14.6,Rugby,R26/0635,Heritage,Small,Undecided,2026-06-24,,"Oak House, Barnacle Hall, Coventry Road, CV7 9LH.",Certificate of lawfulness for proposed like-for-like remedial works to modern fabric following water damage to listed building.,See source,https://www.planit.org.uk/planapplic/Rugby/R26/0635/,https://planning.agileapplications.co.uk/rugby/application-details/42355,remediation
4,17.0,Bromsgrove Redditch,TPO26/101,Trees,Small,Undecided,2026-07-09,,10 Burford Road Hollywood Worcestershire B47 5EH,T1 Oak - Fell and treat stump with eco-plugs The above tree works are proposed as a remedy to the differential foundation movement at the insured property and to ensure the long-term stability of the building.,,https://www.planit.org.uk/planapplic/BromsgroveRedditch/TPO26/101/,https://publicaccess.bromsgroveandredditch.gov.uk/online-applications/applicationDetails.do?activeTab=summary&keyVal=THWK1OSELS100,remediation
4,28.9,Stratford on Avon,26/01950/TPO,Trees,Small,Undecided,2026-08-05,,The Old Rectory Ladbroke Southam CV47 2DF,"T1 Cedar - Carry out remedial works to remaining canopy of tree to reduce weight loading. - Reduce limbs overhanging boundary towards church by 1.5-2 meters retaining canopy cover of approx 3 meters. - Crown thin limbs overhanging boundary towards church by 15-20%, remove dead wood and clean. -Reduce limb over driveway by 2-2.5 meters retaining limb coverage of 6-7 meters approx. -Crown thin large limbs overhanging driveway by 15-20%, remove dead wood and clean.",CTS Forestry and Arboriculture Ltd,https://www.planit.org.uk/planapplic/StratfordOnAvon/26/01950/TPO/,https://apps.stratford.gov.uk/EplanningV2/AppDetail/Index/895992b3-2172-caae-1b7b-08def2d0a9b7,remediation
4,29.2,Walsall,26/0956,Full,Small,,2026-08-25,,"38, FRIEZLAND LANE, BROWNHILLS, WALSALL, WS8 7AA","Full planning application for the demolition of an existing external toilet and single-storey brick side extension, erection of a new single-storey side extension and porch canopy, and extension of the existing decking area.",See source,https://www.planit.org.uk/planapplic/Walsall/26/0956/,https://planning.walsall.gov.uk/swift/apas/run/WPHAPPDETAIL.DisplayUrl?theApnID=26/0956,demolition
4,31.3,South Derbyshire,DMPA/2026/0966,Full,Small,Undecided,2026-07-16,,"Netherseal Store, 44 Main Street, Netherseal, Swadlincote, DE12 8DA","Retention of shop front including remedial work, new signage and lighting at",,https://www.planit.org.uk/planapplic/SouthDerbyshire/DMPA/2026/0966/,https://southderbyshire.my.site.com/s/planning-application/a0bP200000EHCUXIA5,remediation
4,37.7,South Staffordshire,24/00663/AMEND2,Amendment,Small,Permitted,2026-05-05,2026-05-13,Red White And Blue Cannock Road Featherstone WOLVERHAMPTON WV10 7AD,"Non-material ammendment. No development, excluding any works of demolition/site clearance, shall take place until a Construction Surface Water Management Plan which sets out how surface water would be managed during the construction phase, including flow rates and measures to prevent flood and pollution risk has been submitted to and approved in writing by the local planning authority. The approved Construction Surface Water Management Plan shall be implemented in accordance with the approved details before development works commence (excluding demolition) of application for application 24/00663/FULM",Vista Planning,https://www.planit.org.uk/planapplic/SouthStaffordshire/24/00663/AMEND2/,https://planning.sstaffs.gov.uk/online-applications/applicationDetails.do?keyVal=TEKGAVOXIKO00&activeTab=summary,materials management plan
4,43.3,Staffordshire,SCC/26/0067/EIA-SCR,Full,Small,Undecided,2026-06-22,,"Land adjacent to the Severn Trent Water Sewage Treatment Works, Lichfield Road, Rugeley","EIA screening opinion in connection with an application to vary (not comply with) conditions 1 (Documents and Plans), 7 (Flood Risk and Surface Water Drainage Design Scheme), 8 ( Preliminary Ecological Appraisal), 12 (Layout of access drive, parking, servicing and turning areas), 19 (external materials), 21, (Odour Management Plan), 22 (Dust Management Plan), 23 (Pest Management Plan), 24 (noise assessment), 25 (acoustic barriers), 27 (feedstock), 30 (external lighting), and 31 (landscaping) of planning permission ref. S.18/09/4126 W to amend the site layout including changes to the drainage, ecology, construction traffic, external materials, noise mitigation, external lighting, and feedstock (ref. SCC/26/0062/VOC)",,https://www.planit.org.uk/planapplic/Staffordshire/SCC/26/0067/EIA-SCR/,https://planning.agileapplications.co.uk/staffordshire/application-details/29239,materials management plan
4,47.6,Worcester,26/00622/LB,Heritage,Small,Undecided,2026-07-14,,The Commandery Sidbury Worcester WR1 2HU,Listed building consent for remedial works to plaster walls.,,https://www.planit.org.uk/planapplic/Worcester/26/00622/LB/,https://plan.worcester.gov.uk/Planning/Display/26/00622/LB,remediation
4,54.5,Rushcliffe,26/01440/FUL,Full,Small,,2026-08-25,,4 Carlton Crescent East Leake Nottinghamshire LE12 6JF,Double storey side extension and demolition of existing rear garage.,See source,https://www.planit.org.uk/planapplic/Rushcliffe/26/01440/FUL/,https://planningon-line.rushcliffe.gov.uk/online-applications/applicationDetails.do?activeTab=summary&keyVal=TKA0B7NLG7U00,demolition
4,55.6,Amber Valley,AVA/2026/0326,,Small,Undecided,2026-05-20,,Land Boarded By Ashbourne Road And Radbourne Lane Ashbourne Road Mackworth Derby Derbyshire,Non material amendment to AVA/2022/0459 in respect of the approved management company plans,See source,https://www.planit.org.uk/planapplic/AmberValley/AVA/2026/0326/,,materials management plan
4,56.5,Malvern Hills,M/26/00767/S106,,Small,Undecided,2026-05-19,,Upton Marina East Waterside Upton Upon Severn Worcester WR8 0PB,"Application under s106A(3)(a) of the Town & Country Planning Act 1990 to modify the requirements of Legal Agreement dated 08.03.2004 associated with planning permission 02-00390-OUT, to enable surplus excess material to be moved by road from the new Upton Marina basin to be used in construction of the Severn Stoke Flood Risk Management Scheme.",See source,https://www.planit.org.uk/planapplic/MalvernHills/M/26/00767/S106/,https://plan.malvernhills.gov.uk/Planning/Display/M/26/00767/S106,materials management plan
4,57.4,Erewash,PA/2026/0530,Full,Small,,2026-08-26,,"69 BRIAR GATE, LONG EATON, NOTTINGHAM, NG10 4BQ",Demolition of existing garage for the erection of a single storey side and rear extension.,,https://www.planit.org.uk/planapplic/Erewash/PA/2026/0530/,https://planning.erewash.gov.uk/pr/s/detail/a1CP2000006LPb3MAG,demolition
4,65.6,North Northamptonshire,26/01473/NMA,Amendment,Large,Permitted,2026-05-28,2026-07-09,Hanwood Park Aurora Gardens Kettering,"KET/2020/0228 (All details in respect of KET/2015/0967 for 193 dwellings and Approval of Conditions 24 (Public Realm), 27 (Landscaping), 28 (Arboricultural Method Statement), 31 (Landscape Management Plan), 35 (Surface Water Drainage) and 40 (Construction Management Plan)): Change of approved brick type on plot 25 from Camtec Weathered Cream (approved) to Terca Welham Antique (red) for single plot GH25",,https://www.planit.org.uk/planapplic/NorthNorthamptonshire/26/01473/NMA/,https://publicaccess.northnorthants.gov.uk/online-applications/applicationDetails.do?keyVal=TFQLF7IULRS00&activeTab=summary,materials management plan
4,81.5,Milton Keynes,PLN/2026/1172,Amendment,Medium,Rejected,2026-06-03,2026-07-01,"Eagle Farm, Cranfield Road, Wavendon, Milton Keynes, MK17 8AU","Non-material amendment seeking to amend the approved Proposed Landscape Management Areas Plan (relating to permission ref. 21/02541/FUL for the part-demolition & part-conversion of existing buildings to provide no. 6 residential dwellinghouses (Use Class C3), and construction of no. 13 new residential dwellinghouses (Use Class C3), with associated car and bicycle parking, internal access roads and landscaping, and other associated works",See source,https://www.planit.org.uk/planapplic/MiltonKeynes/PLN/2026/1172/,https://www.be.milton-keynes.gov.uk/pr/s/detail/a0lWS000004YBoLYAW,materials management plan
4,90.1,Bolsover,24/00067/DCON01,Conditions,Small,Conditions,2026-05-15,2026-07-14,Land North Of Sookholme Road Junction Portland Drive Shirebrook,"Discharge of conditions 3 - Materials, 5 - Construction Environmental Management Plan (CEMP: Biodiversity), 7 - Detailed design and associated management plan and 8 - Surface water run off) of planning application 24/00067/FUL",,https://www.planit.org.uk/planapplic/Bolsover/24/00067/DCON01/,https://publicaccess.bolsover.gov.uk/online-applications/applicationDetails.do?keyVal=TF2YELDD09P00&activeTab=summary,materials management plan
4,90.2,Forest of Dean,P1008/26/FUL,Full,Small,Undecided,2026-08-28,,61 Woodside Avenue Cinderford Gloucestershire GL14 2DR,Erection of a two storey side extension and a single storey rear extension with associated works. Demolition of rear porch and shed.,See source,https://www.planit.org.uk/planapplic/ForestOfDean/P1008/26/FUL/,https://publicaccess.fdean.gov.uk/online-applications/applicationDetails.do?keyVal=TKGWU7HIJZZ00&activeTab=summary,demolition
4,90.6,Buckinghamshire,PL/26/06795/FA,Full,Small,Undecided,2026-08-27,,52 Cottesloe Road Aylesbury Buckinghamshire HP21 8DN,Demolition of existing garage and erection of new double garage,Cornerstone Drawing Associates Ltd,https://www.planit.org.uk/planapplic/Bucks/PL/26/06795/FA/,https://publicaccess.buckinghamshire.gov.uk/online-applications/applicationDetails.do?keyVal=TK9ILKESM0Y00&activeTab=summary,demolition
4,91.3,Stroud,S.26/0900/FUL,Full,Small,Permitted,2026-05-26,2026-09-03,Brutons Hardware Ltd Old Market Nailsworth Stroud Gloucestershire GL6 0DD,Removal of asbestos sheet roof and replacement with composite roof panels.,See source,https://www.planit.org.uk/planapplic/Stroud/S.26/0900/FUL/,https://publicaccess.stroud.gov.uk/online-applications/applicationDetails.do?keyVal=TFMWZ8PNHGH00&activeTab=summary,asbestos
4,92.0,Peterborough,26/002849/HHFUL,Full,Small,Undecided,2026-09-01,,"24, Chisenhale, Peterborough, PE2 5FP",Demolition of conservatory and replacement single-storey brick extension,See source,https://www.planit.org.uk/planapplic/Peterborough/26/002849/HHFUL/,https://planning.agileapplications.co.uk/peterborough/application-details/89282,demolition
4,92.9,Swindon,S/COND/26/0655,Conditions,Small,Conditions,2026-05-20,2026-08-13,Land At 26 Turnpike Road Blunsdon Swindon SN26 7EA,"Discharge of Conditions 3 (Construction Environmental Management Plan), 4 (Detailed Lighting Scheme), 7 (Archaeology), 8 (Hard and Soft Landscaping Scheme), 9 (External Facing Materials) and 16 (Noise Levels) from previous application S/25/0570.",Ian Sullivan Architecture Ltd,https://www.planit.org.uk/planapplic/Swindon/S/COND/26/0655/,https://pa.swindon.gov.uk/publicaccess/applicationDetails.do?keyVal=TFC6P3PT0UL00&activeTab=summary,materials management plan
4,93.3,Peak District,NP/DDD/0826/0858,Full,Small,Undecided,2026-09-07,,The Cottage Litton Dale Litton,Proposed demolition of 2 domestic garages/ancillary living buildings and erection of one building to incorporate garaging and ancillary living accommodation.,See source,https://www.planit.org.uk/planapplic/PeakDistrict/NP/DDD/0826/0858/,https://planning.peakdistrict.gov.uk/AssureLive/ES/Presentation/Planning/OnlinePlanning/OnlinePlanningOverview?applicationNumber=NP%2FDDD%2F0826%2F0858,demolition
4,93.3,Dacorum,26/01871/FUL,Full,Small,Undecided,2026-08-28,,Long Marston Cricket Club Cheddington Lane Long Marston Hertfordshire HP23 4QP,"Single storey front, side and rear extension to existing cricket club pavilion. Demolition of existing machinery store and construction of new machinery store.",DR Design,https://www.planit.org.uk/planapplic/Dacorum/26/01871/FUL/,https://planning.dacorum.gov.uk/publicaccess/applicationDetails.do?keyVal=TKEZK5FOIT500&activeTab=summary,demolition
4,95.1,Buckinghamshire,PL/26/07044/FA,Full,Small,Undecided,2026-09-02,,White Gates Risborough Road Terrick Buckinghamshire HP17 0UB,"Householder application for the demolition of an existing conservatory and single storey side extension. Part single part double storey rear extension, double storey front porch and changes to the roof to include loft conversion with two front dormers and seven skylights.",Alex D Architects Ltd,https://www.planit.org.uk/planapplic/Bucks/PL/26/07044/FA/,https://publicaccess.buckinghamshire.gov.uk/online-applications/applicationDetails.do?keyVal=TKQ6B6ESN0G00&activeTab=summary,demolition
4,98.0,Peak District,NP/DDD/0626/0622,Heritage,Small,Permitted,2026-06-29,2026-09-01,Kettle House Unnamed Road From B6001 To Torr Farm Leadmill Hathersage,Listed Building consent - Remove the existing dilapidated asbestos flat roof from the barn and replace with corrugated plastisol coated roof sheeting.,See source,https://www.planit.org.uk/planapplic/PeakDistrict/NP/DDD/0626/0622/,https://planning.peakdistrict.gov.uk/AssureLive/ES/Presentation/Planning/OnlinePlanning/OnlinePlanningOverview?applicationNumber=NP%2FDDD%2F0626%2F0622,asbestos
4,98.7,Peterborough,26/002511/NONMAT,Amendment,Small,Permitted,2026-06-23,2026-06-26,"Dogsthorpe Landfill Site, Welland Road, Dogsthorpe, Peterborough","20/00509/OUT - Non material amendment (to conditions C1 (time limit), C3 (contamination assessment) and C4 (remediation scheme))",See source,https://www.planit.org.uk/planapplic/Peterborough/26/002511/NONMAT/,https://planning.agileapplications.co.uk/peterborough/application-details/88931,remediation
4,98.8,Sheffield,26/02587/FUL,Full,Small,Undecided,2026-09-01,,28 Vernon Road Sheffield S17 3QE,Demolition of detached garage and erection of a single/two storey rear extension to dwellinghouse,See source,https://www.planit.org.uk/planapplic/Sheffield/26/02587/FUL/,https://planningapps.sheffield.gov.uk/online-applications/applicationDetails.do?keyVal=TKO6UMNYFVB00&activeTab=summary,demolition
4,98.8,South Oxfordshire,P26/S3731/LB,Heritage,Small,Undecided,2026-08-25,,Chiltern Cottage Settlement Road Running West From T Junction And The Old Post Office To B4009 Britwell Salome Watlington OX49 5LH,Demolition of existing 1960's extension and rebuilding to match the existing in scale and appearance.,Riach Architects,https://www.planit.org.uk/planapplic/SouthOxfordshire/P26/S3731/LB/,https://southoxfordshire.planning-register.co.uk/Planning/Display?applicationNumber=P26%2FS3731%2FLB,demolition
4,98.9,Cotswold,26/02597/FUL,Full,Small,Undecided,2026-08-26,,2 Southside Shipton Moyne Tetbury Gloucestershire GL8 8PP,"Variation of condition 2 (Approved plans) of permission 23/03840/FUL - Two storey side extension, rear single storey extension, porch extension and demolition of conservatory to allow for amendment to rear flat roof extension",Mr Ian Maslin,https://www.planit.org.uk/planapplic/Cotswold/26/02597/FUL/,https://publicaccess.cotswold.gov.uk/online-applications/applicationDetails.do?keyVal=TKDQAGFI0UY00&activeTab=summary,demolition
4,100.1,Bassetlaw,26/00862/COND,Conditions,Small,Permitted,2026-07-14,2026-09-02,Far Leys Farm Ollerton Road Tuxford Nottinghamshire NG22 0PG,"Discharge of Conditions 3 (Materials Schedule), 4 (Public Right of Way Protection Plan), 5 (Strategic Water Resources Strategy), 6 (Habitat Management and Monitoring Plan) and BNG Plan of P.A. 25/01388/FUL - Erection of 2 No. Additional Poultry Houses with Associated Feed Bins, Hardstandings and Air Cleaners in Connection with the Whole Farm Moving to Lower Stocking Density High Welfare Chicken Production (EIA Development",Harrison Pick Ltd,https://www.planit.org.uk/planapplic/Bassetlaw/26/00862/COND/,https://publicaccess.bassetlaw.gov.uk/online-applications/applicationDetails.do?keyVal=TI5QEKCSK7R00&activeTab=summary,materials management plan
4,100.4,South Oxfordshire,P26/S3733/FUL,Full,Small,Undecided,2026-08-25,,"1 & 2 Clacks Cottages, Clacks Farm, Clacks Lane, Wallingford, OX10 8PN","Demolition of existing outrigger and Conservatory to 2 Clacks Cottages; demolition of existing single storey outrigger to 1 Clacks Cottages; two storey SW elevation extension 2 Clacks Cottages; two storey NW elevation extension 1 Clacks Cottages; refurbishment including re roofing, 2No dormer insertions, photovoltaic roof panels to South slope.",David Barrington Ltd,https://www.planit.org.uk/planapplic/SouthOxfordshire/P26/S3733/FUL/,https://southoxfordshire.planning-register.co.uk/Planning/Display?applicationNumber=P26%2FS3733%2FFUL,demolition
4,101.5,Sheffield,26/02546/FUL,Full,Small,Undecided,2026-08-26,,17 Charnock Wood Road Sheffield S12 3HL,"Demolition of detached garage, erection of single-storey rear extension to dwellinghouse and erection of detached garage to rear",See source,https://www.planit.org.uk/planapplic/Sheffield/26/02546/FUL/,https://planningapps.sheffield.gov.uk/online-applications/applicationDetails.do?keyVal=TKD5GQNYFQB00&activeTab=summary,demolition
4,102.0,Sheffield,26/02635/FUL,Full,Small,Undecided,2026-09-07,,12 Morland Drive Sheffield S14 1SY,Change of use from residential care home for children (Use Class C2) to 4no. supported living accommodation units (Use Class C3(b)) including demolition of single-storey front extension and provision of additional off road parking (Application under Section 73 to vary condition 2 (Approved Plans) imposed by planning permission 25/02372/FUL),See source,https://www.planit.org.uk/planapplic/Sheffield/26/02635/FUL/,https://planningapps.sheffield.gov.uk/online-applications/applicationDetails.do?activeTab=summary&keyVal=TKZAQHNYG1G00,demolition
4,102.7,Sheffield,26/02623/FUL,Full,Small,Undecided,2026-09-04,,83 Muskoka Drive Sheffield S11 7RH,"Demolition of existing detached garage and erection of two-storey side and single-storey rear extension to dwellinghouse (Application under Section 73 to vary condition no(s) 2 (approved plans) as imposed by planning permission 16/04844/FUL, previously varied under 25/01544/FUL)",See source,https://www.planit.org.uk/planapplic/Sheffield/26/02623/FUL/,https://planningapps.sheffield.gov.uk/online-applications/applicationDetails.do?keyVal=TKU4L9NYFZV00&activeTab=summary,demolition
4,102.9,Central Bedfordshire,CB/26/02758/PADM,Other,Small,Undecided,2026-09-04,,"Wychway Farm, East Road, Langford, Biggleswade, SG18 9QW",Prior Notifcation of Proposed Demolition of agricultural storage barns,See source,https://www.planit.org.uk/planapplic/CentralBedfordshire/CB/26/02758/PADM/,https://plantech.centralbedfordshire.gov.uk/PLANTECH/DCWebPages/acolnetcgi.gov?ACTION=UNWRAP&RIPNAME=Root.PgeResultDetail&TheSystemkey=646923,demolition
4,103.2,Sheffield,23/00198/COND1,Conditions,Small,Conditions,2026-05-15,2026-07-14,45A Brooklands Avenue Sheffield S10 4GB,Application to approve details in relation to condition numbers: 2. (External Facing Materials/Hard Landscaping Materials) 4. (Tree Protection Measures) 5. (Landscape & Ecological Management Plan) 6. (Biodiversity Gain Plan) 7. (Protected Species) 8. (Lighting) 9. & 11. (Surface Water Drainage) 10. (Access Driveway Surface) & 12. (Site Boundary Treatment) relating to planning permission 23/00198/FUL,See source,https://www.planit.org.uk/planapplic/Sheffield/23/00198/COND1/,https://planningapps.sheffield.gov.uk/online-applications/applicationDetails.do?keyVal=TF2NM4NYK8T00&activeTab=summary,materials management plan
4,103.5,Buckinghamshire,PL/26/07055/FA,Full,Small,Undecided,2026-09-02,,Ashwood 27 Chiltern Road Ballinger Buckinghamshire HP16 9LJ,Replacement of existing interlocking concrete roof tiles with blue/grey natural slate roof tiles across full extent of roof. New dormers to replace existing. New roof and extension to space above garage at first floor. Removal of obsolete chimney stack at roof and first floor level. Replacement of primary stair internal ground to first. Re-rendering of front facade. Improvement of drainage soaraway at front of building. Demolition of existing porch to front elevation and construction of porch in similar location. Replacement of existing door to garage/store to match existing.,Tankard Bowkett Architects,https://www.planit.org.uk/planapplic/Bucks/PL/26/07055/FA/,https://publicaccess.buckinghamshire.gov.uk/online-applications/applicationDetails.do?keyVal=TKQPN5ESN2W00&activeTab=summary,demolition
4,103.5,West Berkshire,26/01852/HOUSE,Full,Small,Undecided,2026-08-25,,1 Flintjack Place Lambourn Hungerford RG17 8NX,Demolition of existing conservatory and erection of a smaller single-storey rear extension,The Property Design Studio Ltd,https://www.planit.org.uk/planapplic/WestBerkshire/26/01852/HOUSE/,https://publicaccess.westberks.gov.uk/online-applications/applicationDetails.do?keyVal=TKBIKLRDJT400&activeTab=summary,demolition
4,103.5,South Holland,H02-0476-26,Conditions,Small,Permitted,2026-05-20,2026-07-09,Land South of Barn Lodge Hereward Way Crowland Peterborough PE6 0BL,"Details of proposed means of foul and surface water disposal, external materials, Construction Management Plan and Method Statement (Conditions 3, 7 and 10 of H02-0598-25)",,https://www.planit.org.uk/planapplic/SouthHolland/H02-0476-26/,https://planning.sholland.gov.uk/OcellaWeb/planningDetails?reference=H02-0476-26&from=planningSearch,materials management plan
4,103.8,Huntingdonshire,26/01553/HHFUL,Full,Small,Undecided,2026-08-24,,5 Manor Close Wyton Huntingdon PE28 2AG,"Demolition of existing lean - to extension and construction of a single storey side wrap and rear extension, internal structural works and retrospective permission for front porch",connollydesign,https://www.planit.org.uk/planapplic/Huntingdonshire/26/01553/HHFUL/,https://publicaccess.huntingdonshire.gov.uk/online-applications/applicationDetails.do?keyVal=TK9ZMMIKH2X00&activeTab=summary,demolition
4,104.4,Dacorum,26/01213/DRC,Conditions,Small,Rejected,2026-05-29,2026-06-12,22 Verney Close Berkhamsted Hertfordshire HP4 3JS,"Details as required by 3 (Construction Management Plan),Condition 4 ( Materials details), Condition 6 (Cycle Storage Details), Condition 8 (Sustainability) attached to planning permission 24/01768/FUL",Volumetrics,https://www.planit.org.uk/planapplic/Dacorum/26/01213/DRC/,https://planning.dacorum.gov.uk/publicaccess/applicationDetails.do?keyVal=TFR664FOH8P00&activeTab=summary,materials management plan
4,105.9,Buckinghamshire,PL/26/06353/FA,Full,Small,Undecided,2026-08-25,,Garden Reach Spurlands End Road Great Kingshill Buckinghamshire HP15 6JA,Demolition of existing bungalow and erection of a new dwelling,Alex D Architects Ltd,https://www.planit.org.uk/planapplic/Bucks/PL/26/06353/FA/,https://publicaccess.buckinghamshire.gov.uk/online-applications/applicationDetails.do?keyVal=TJCY2GESKEJ00&activeTab=summary,demolition
4,106.9,Buckinghamshire,PL/26/06882/FA,Full,Small,Undecided,2026-08-25,,48 Deansway Chesham Buckinghamshire HP5 2PB,Demolition of existing store and erection of single storey rear extension with alterations to fenestration,A.J Ferryman & Associates,https://www.planit.org.uk/planapplic/Bucks/PL/26/06882/FA/,https://publicaccess.buckinghamshire.gov.uk/online-applications/applicationDetails.do?activeTab=summary&keyVal=TKC1WCESMAI00,demolition
4,107.1,Sheffield,26/02625/FUL,Full,Small,Undecided,2026-09-04,,Garages To Rear Of 15 Carlby Road Sheffield S6 5HP,Demolition of garage and erection of a dwellinghouse,See source,https://www.planit.org.uk/planapplic/Sheffield/26/02625/FUL/,https://planningapps.sheffield.gov.uk/online-applications/applicationDetails.do?keyVal=TKUA74NYG0500&activeTab=summary,demolition
4,107.2,Sheffield,26/02534/FUL,Full,Small,Undecided,2026-08-25,,Roberts Motor Bodies 32 Providence Road Sheffield S6 5BE,"Demolition of all buildings, erection of 6 dwellings with associated access, parking and landscaping",See source,https://www.planit.org.uk/planapplic/Sheffield/26/02534/FUL/,https://planningapps.sheffield.gov.uk/online-applications/applicationDetails.do?activeTab=summary&keyVal=TKBJQRNYFP300,demolition
4,107.3,North Hertfordshire,26/01589/FPH,Full,Small,Undecided,2026-09-04,,20 High View Hitchin Hertfordshire SG5 2HL,Single storey side extension to existing detached garden room to facilitate conversion into ancillary annexe following demolition of existing detached shed.,Mr Mark Scott,https://www.planit.org.uk/planapplic/NorthHertfordshire/26/01589/FPH/,https://pa2.north-herts.gov.uk/online-applications/applicationDetails.do?keyVal=TH0SWNLKJE500&activeTab=summary,demolition
4,107.8,Buckinghamshire,PL/26/06848/FA,Full,Small,Undecided,2026-08-28,,3 Germains Close Chesham Buckinghamshire HP5 1JJ,Demolition of existing single storey extension. Construction of new single storey extension with a minimum of 1.1m from the boundary.,Berkeley and Brown,https://www.planit.org.uk/planapplic/Bucks/PL/26/06848/FA/,https://publicaccess.buckinghamshire.gov.uk/online-applications/applicationDetails.do?keyVal=TKBNXFESM7G00&activeTab=summary,demolition
4,108.0,Dacorum,26/01892/FUL,Full,Small,Undecided,2026-09-01,,1 And 2 Fields End Lane Hemel Hempstead Hertfordshire HP1 2SE,"Demolition of existing dwellings and outbuilding, and construction of three replacement dwellings",Emma Adams and Partners,https://www.planit.org.uk/planapplic/Dacorum/26/01892/FUL/,https://planning.dacorum.gov.uk/publicaccess/applicationDetails.do?keyVal=TKME53FOIV100&activeTab=summary,demolition
4,108.8,North Hertfordshire,26/02037/FPH,Full,Small,Undecided,2026-08-25,,205 Cambridge Road Hitchin Hertfordshire SG4 0JP,"Two storey side/rear extension, single storey rear and side extensions and front porch following demolition of existing single storey rear element and attached side carport. Insertion of 1 no. rooflight to existing side roof slope and rear patio.",Sam Conway,https://www.planit.org.uk/planapplic/NorthHertfordshire/26/02037/FPH/,https://pa2.north-herts.gov.uk/online-applications/applicationDetails.do?activeTab=summary&keyVal=TJP93JLKK2300,demolition
4,109.1,North Hertfordshire,26/02104/FPH,Full,Small,Undecided,2026-09-07,,6 Sollershott West Letchworth Garden City Hertfordshire SG6 3PX,Two storey front and rear extension and replace existing windows following demolition of existing side element and rear conservatory. Insertion of obscure-glazed first-floor side window to serve en suite (revision of previously approved Planning Permission 25/01449/FPH granted 8.01.2026).,Mr Gareth Leech,https://www.planit.org.uk/planapplic/NorthHertfordshire/26/02104/FPH/,https://pa2.north-herts.gov.uk/online-applications/applicationDetails.do?keyVal=TK4DJ0LKK5V00&activeTab=summary,demolition
4,109.1,North Kesteven,26/1034/HOUS,Full,Small,Undecided,2026-08-26,,25 Godson Avenue Heckington Sleaford Lincolnshire NG34 9SB,Demolition of existing conservatory and erection of a single storey rear extension,Rick Smith Design Ltd,https://www.planit.org.uk/planapplic/NorthKesteven/26/1034/HOUS/,https://planningonline.n-kesteven.gov.uk/online-applications/applicationDetails.do?keyVal=TKDCTGLLI3300&activeTab=summary,demolition
4,109.2,North Hertfordshire,26/02033/FPH,Full,Small,Undecided,2026-09-03,,12 Cashio Lane Letchworth Garden City Hertfordshire SG6 1AX,Single storey rear extension following partial demolition of existing garage.,,https://www.planit.org.uk/planapplic/NorthHertfordshire/26/02033/FPH/,https://pa2.north-herts.gov.uk/online-applications/applicationDetails.do?keyVal=TJO0P7LKK1W00&activeTab=summary,demolition
4,109.2,North Hertfordshire,26/02215/LBC,Heritage,Small,Undecided,2026-09-03,,12 Cashio Lane Letchworth Garden City Hertfordshire SG6 1AX,Single storey rear extension following partial demolition of existing garage.,,https://www.planit.org.uk/planapplic/NorthHertfordshire/26/02215/LBC/,https://pa2.north-herts.gov.uk/online-applications/applicationDetails.do?keyVal=TKSHC7LK03K00&activeTab=summary,demolition
4,109.4,Buckinghamshire,PL/26/06966/FA,Full,Small,Undecided,2026-08-27,,14 School Close High Wycombe Buckinghamshire HP11 1PH,"Demolition of existing porch, construction of two storey front extension, insertion of dormer window over garage, pitched roof over first floor bay window on front elevation, construction of part single storey/part two storey rear extension and new pitched roof over existing side addition (re-submission of 25/06634/FUL).",Dr Design,https://www.planit.org.uk/planapplic/Bucks/PL/26/06966/FA/,https://publicaccess.buckinghamshire.gov.uk/online-applications/applicationDetails.do?keyVal=TKFREPESMLM00&activeTab=summary,demolition
3,61.6,Nottinghamshire,PN/4872,Outline,Small,,2026-09-03,,"St Peters Church Of England School, Ashworth Avenue, Ruddington, Nottinghamshire, NG11 6GB",Demolition of school buildings,See source,https://www.planit.org.uk/planapplic/Nottinghamshire/PN/4872/,https://www.nottinghamshire.gov.uk/planningsearch/plandisp.aspx?AppNo=PN/4872,demolition
3,64.1,Cheltenham,26/01409/LBC,Heritage,Small,,2026-09-02,,Scout Headquarters The Burgage Prestbury Cheltenham Gloucestershire GL52 3DN,"Redevelopment of the existing scout hut, demolition of existing brick extension and the construction of a new hall with improved access from The Burgage, installation of PV panels and ASHP.",Cryer and Coe Architects,https://www.planit.org.uk/planapplic/Cheltenham/26/01409/LBC/,https://publicaccess.cheltenham.gov.uk/online-applications/applicationDetails.do?activeTab=summary&keyVal=TKQHCNELLRM00,demolition
3,64.1,Cheltenham,26/01380/FUL,Full,Small,,2026-08-27,,Scout Headquarters The Burgage Prestbury Cheltenham Gloucestershire GL52 3DN,"Redevelopment of the existing scout hut, demolition of existing brick extension and the construction of a new hall with improved access from The Burgage, installation of PV panels and ASHP.",Cryer and Coe Architects,https://www.planit.org.uk/planapplic/Cheltenham/26/01380/FUL/,https://publicaccess.cheltenham.gov.uk/online-applications/applicationDetails.do?keyVal=TKEZIHELLPQ00&activeTab=summary,demolition
3,66.3,Buckinghamshire,PL/26/06149/HB,Heritage,Small,Undecided,2026-07-31,,13 Bridge Street Buckingham Buckinghamshire MK18 1AF,Listed building consent for limited remedial works (part retrospective),Gartwork Architecture Ltd,https://www.planit.org.uk/planapplic/Bucks/PL/26/06149/HB/,https://publicaccess.buckinghamshire.gov.uk/online-applications/applicationDetails.do?keyVal=TJ12CZESJP300&activeTab=summary,remediation
3,69.7,Rushcliffe,26/01457/FUL,Full,Small,,2026-08-27,,1 Shadwell Grove Radcliffe On Trent Nottinghamshire NG12 2ET,"Demolition of conservatory, Proposed single storey side extension.",See source,https://www.planit.org.uk/planapplic/Rushcliffe/26/01457/FUL/,https://planningon-line.rushcliffe.gov.uk/online-applications/applicationDetails.do?keyVal=TKDEGRNLG9600&activeTab=summary,demolition
3,70.8,Milton Keynes,PLN/2026/1701,Heritage,Small,Undecided,2026-08-12,,"STONEBRIDGE HOUSE FARM, NEWPORT ROAD, NEW BRADWELL, MILTON KEYNES, MK13 0DY","Listed building consent for remedial and repair work consisting of the construction of an additional brick pier, and the repair of two separate stepped diagonal cracks within the coursed rubble stone wall of the main house",,https://www.planit.org.uk/planapplic/MiltonKeynes/PLN/2026/1701/,https://www.be.milton-keynes.gov.uk/pr/s/detail/a0lWS0000053C3NYAU,remediation
3,75.6,Amber Valley,AVA/2026/0565,,Small,Undecided,2026-09-02,,Nationwide 35 - 37 High Street Alfreton Derbyshire DE55 7DR,"Remedial works to the facade, windows, rainwater goods, and part re-roof in clay tiles",See source,https://www.planit.org.uk/planapplic/AmberValley/AVA/2026/0565/,,remediation
3,77.5,Gedling,2026/0446,Outline,Small,Undecided,2026-06-25,,Lido Villa Moor Lane Woodborough Nottinghamshire NG14 6FZ,"The proposal comprises the erection of extensions to the existing dwellinghouse, constituting building operations under Section 55 of the Town and Country Planning Act 1990. The works include: The construction of a single/two-storey rear extension to the existing dwellinghouse The extension projects approximately 3.5 metres beyond the original rear wall, as shown on the submitted block plan [Permitted...Lido Villa | PDF] The extension is located wholly within the residential curtilage and does not extend forward of the principal elevation The proposed development maintains appropriate separation from all site boundaries, with distances clearly indicated on the submitted block plan In addition: The ridge height (9536mm) and eaves height (6867mm) of the proposed extension match those of the existing dwelling, as shown on the submitted elevations Materials are intended to match the existing dwellinghouse in appearance No new access is proposed No new street is created No significant hard-standings are proposed beyond incidental works No new means of enclosure are proposed Surface water drainage will continue to be managed via existing on-site arrangements The submitted drawings clearly indicate the precise siting, scale, and dimensions of the proposed extension, including its relationship to the original dwelling and surrounding boundaries.",,https://www.planit.org.uk/planapplic/Gedling/2026/0446/,https://pawam.gedling.gov.uk/online-applications/applicationDetails.do?activeTab=summary&keyVal=TH6WVSHLFP900,materials management plan
3,79.9,Derbyshire,2026/4659/TPO,Trees,Small,Undecided,2026-08-19,,"2 Holland Close, Morton, Derbyshire, DE55 6HE","Mature lime tree in front garden at 2 Holland Close:, DBH approx 50cm. Height approx 12m. , Observations: Tree appears in good physiological and structural condition. However, the applicant's home insurance provider requires that any tree within 5m from the house must be below 10m in height. This tree currently sits within 4 metres from the house walls. Estimated height of the tree is over 12m, meaning that remedial works will be required to reduce the tree's height to within the Home Insurer's requirements. , Recommended works: Reduce height to approx 9.5m (pruning back to appropriate growth points). Crown lift to clear epicormic growth around stem to height of 3 metres. Reduce lateral branches by approx 1 metre. Thin canopy by approx 10%. All green waste material to be cleared away and removed from site. All works to be carried out using BS3998:2010 guidance.",See source,https://www.planit.org.uk/planapplic/Derbyshire/2026/4659/TPO/,https://planning.derbyshire.gov.uk/Planning/Display/2026/4659/TPO,remediation
3,84.8,Cotswold,26/02649/NONMAT,Amendment,Small,Undecided,2026-09-02,,Chesterton Farm Cranhams Lane Cirencester Gloucestershire GL7 6JP,"Non-Material Amendment to permission 25/02186/REM - (Reserved Matters pursuant to outline permission 16/00054/OUT relating to appearance, scale, landscaping and layout for the provision of the spine road to serve Phase 2 D and E of the wider development including construction of the road and provision of the landscape verges and footpath/cycleways and discharge of conditions 16, 18, 55, 56, 58, 60 and 61) to amend wording of condition 3 (Management Plan - trees/planting)",Mrs Dawn Brodie,https://www.planit.org.uk/planapplic/Cotswold/26/02649/NONMAT/,https://publicaccess.cotswold.gov.uk/online-applications/applicationDetails.do?keyVal=TKQXBVFILUD00&activeTab=summary,materials management plan
3,103.0,North Kesteven,26/0667/PNMAT,Amendment,Large,Permitted,2026-05-29,2026-06-26,Land To The South Of London Road Sleaford,"Application for a non-material amendment (re-word condition 27, as amended under 23/1515/PNMAT) following grant of planning permission 17/1355/VARCON - Application to vary the wording of condition 3 (Master plan and design codes), 7 (Landscaping maintenance), 8 (Retention of trees and shrubs), 9 (Protection of retained trees and shrubs), 18 (Maintenance surface water drainage), 19 (Construction Environmental Management plan), 23 (implementation written specification re archaeological remains), 24 (travel plan), 25 (travel pack), 28 (certain road and junctions completed) and 30 (vehicular access from London Road only) attached to planning permission 13/0498/OUT (Erection of 1,450 dwellings, two form entry primary school, care home, Local Centre (incorporating 5 no. retail units with offices above, health centre, nursery, community centre and public house) public open space, sports pitches and allotments and associated infrastructure (outline with means of access)",Robert Doughty Consultancy Limited,https://www.planit.org.uk/planapplic/NorthKesteven/26/0667/PNMAT/,https://planningonline.n-kesteven.gov.uk/online-applications/applicationDetails.do?keyVal=TFT2WULLGTG00&activeTab=summary,materials management plan
3,108.6,Chester,26/02790/CAT,Full,Medium,Undecided,2026-09-03,,Castle Hill Farm Barbers Lane Northwich Cheshire West And Chester CW8 1DY,"2160 ""Copper beech (Fagus sylvatica purpurea)"" Recent failure of 3 large branches into garden area. Control measure 1 already undertaken following storm. Notice for control measure 2 Control Measures 1: Remove broken hanging branches from crown and garden area. Timescale: Urgent Control Measures 2: Crown reduction up to 2m to reduce windsail on the now exposed sections of crown over the highway. Timescale: 6 months"" 1 Year following remedial works",See source,https://www.planit.org.uk/planapplic/Chester/26/02790/CAT/,https://pa.cheshirewestandchester.gov.uk/online-applications/applicationDetails.do?keyVal=TKS6D4TELLB00&activeTab=summary,remediation
2,13.2,Coventry,PL/2026/0001181/NMA,Amendment,,,2026-07-03,,"Cardinal Wiseman Catholic School Potters Green Road, Coventry, CV2 2AJ","Submission of amended details (to allow for an alteration to condition 7, to read Use of the development shall not commence until a community use agreement prepared in consultation with Sport England has been submitted to and approved in writing by the Local Planning Authority, and a copy of the completed approved agreement has been provided to the Local Planning Authority. The agreement shall apply to the 3G pitch, natural turf pitches, car park provision, changing room accommodation and W/Cs and include details of pricing policy, hours of use, access by non-educational establishment users, management responsibilities and a mechanism for review. The development shall not be used otherwise than in strict compliance with the approved agreement) to planning application PL/2025/0002213 granted 30.06.26",,https://www.planit.org.uk/planapplic/Coventry/PL/2026/0001181/NMA/,https://planandregulatory.coventry.gov.uk/planning/index.html?fa=getApplication&id=276181,materials management plan
2,26.8,Stratford on Avon,26/01697/AMD,Amendment,Small,Permitted,2026-07-07,2026-07-24,2 Shepherd Fields Wellesbourne Warwick CV35 9AZ,"Non Material Amendment to condition 2 of planning permission 26/00463/REM (date of decision 01/06/2026) to change the wording from ""The hard and soft landscaping details approved pursuant to condition 1, shall be fully implemented within the first planting season prior to occupation and shall thereafter be protected, maintained and managed in accordance with the approved details.""to""The hard landscaping details approved pursuant to condition 1 shall be completed prior to the first occupation and the soft landscaping details approved pursuant to condition 1 shall be completed no later than the first planting season after first occupation of the development. Both the hard and soft landscaping details shall thereafter be protected, maintained and managed in accordance with the approved details.""",David Coles Architects ltd,https://www.planit.org.uk/planapplic/StratfordOnAvon/26/01697/AMD/,https://apps.stratford.gov.uk/EplanningV2/AppDetail/Index/d0f4bc96-6c42-c6f9-df52-08dedcf7d5be,materials management plan
2,42.7,Harborough,26/01146/DDD,Trees,Small,Permitted,2026-08-03,2026-08-19,The Queens Head Public House Main Street Saddington Leicestershire LE8 0QH,Emergemcy remedial work necessary to prevent further limb failure (approx. 1.5m crown reduction),,https://www.planit.org.uk/planapplic/Harborough/26/01146/DDD/,https://pa2.harborough.gov.uk/online-applications/applicationDetails.do?keyVal=TJK0OGHW0PI00&activeTab=summary,remediation
2,44.7,Staffordshire,SCC/26/0079/NMA,Amendment,Small,Permitted,2026-07-15,2026-08-19,"Willington Quarry, Castleway Lane, Eggington, Derbyshire, DE65 6BW",Application for a non-material amendment to conditions 25 (Detailed Restoration and Aftercare Scheme) and 26 (Landscape & Ecology Management Plan) of permission SCC/22/0107/FULL-ES,See source,https://www.planit.org.uk/planapplic/Staffordshire/SCC/26/0079/NMA/,https://planning.agileapplications.co.uk/staffordshire/application-details/29251,materials management plan
2,48.6,Cherwell,26/01378/NMA,Amendment,Small,Permitted,2026-05-22,2026-06-15,Formerly The Firs Garage Tadmarton Heath Road Hook Norton OX15 5DD,Add a planning condition related to habitat management and monitoring plan associated with BNG condition to allow for onsite provision of net gain (proposed as non-material amendment to 25/00953/F),See source,https://www.planit.org.uk/planapplic/Cherwell/26/01378/NMA/,https://planningregister.cherwell.gov.uk/Planning/Display/26/01378/NMA,materials management plan
2,52.1,Charnwood,P/26/1166/2,Trees,Small,Withdrawn,2026-06-24,,"4 The Willows, Burton On The Wolds, Leicestershire, LE12 5AP",TPO Related Works; T1 Oak- requires remedial work to remove deadwood throughout the crown and thinning of epicormic growth within the crown to improve light and air flow through the tree.,,https://www.planit.org.uk/planapplic/Charnwood/P/26/1166/2/,https://planningexplorer.charnwood.gov.uk/Assure/ES/Presentation/Planning/OnlinePlanning/OnlinePlanningOverview?applicationNumber=P%2F26%2F1166%2F2,remediation
2,86.4,Newark and Sherwood,26/01014/S73M,Amendment,Medium,,2026-07-02,,Land At Crifton Lodge Farm Forest Lane Bilsthorpe Nottinghamshire,"Variation of conditions 2 (approved plans), 3 (Materials), 4 (Landscaping) and 10 (Landscape and Ecological Management Plan) attached to planning permission 19/01299/FULM",See source,https://www.planit.org.uk/planapplic/Newark/26/01014/S73M/,https://publicaccess.newark-sherwooddc.gov.uk/online-applications/applicationDetails.do?activeTab=summary&keyVal=THJS8OLBLCE00,materials management plan
2,90.9,Chesterfield,CHE/26/00709/LBC,Heritage,Small,Undecided,2026-08-11,,Fox View Stables Plover Hill Farm Wetlands Lane Brimington Chesterfield Derbyshire S43 1QG,Remedial works to the ceiling above the hall and the flooring to the bathroom,,https://www.planit.org.uk/planapplic/Chesterfield/CHE/26/00709/LBC/,https://publicaccess.chesterfield.gov.uk/online-applications/applicationDetails.do?activeTab=summary&keyVal=TJPKT9EP05F00,remediation
2,91.8,North East Derbyshire,26/00484/LB,Heritage,Small,Undecided,2026-06-18,,The Old Manor House Main Road Cutthorpe Chesterfield S42 7AJ,"Listed Building consent application for remedial repair and conservation works to address defects including external masonry repair to the east gable of north cottage, selected roof and lead work repairs, work to chimney stack, removal of spray foam insulation and associated timber report, replacement of decayed east attic window lintel, structural support and repair to central newel staircase and strengthening to the principal roof truss (Conservation Area/Affecting setting of a Listed Building)",Croft Contractors,https://www.planit.org.uk/planapplic/NorthEastDerbyshire/26/00484/LB/,https://planapps-online.ne-derbyshire.gov.uk/online-applications/applicationDetails.do?keyVal=TGTW7SLIIFF00&activeTab=summary,remediation
2,96.3,Cotswold,26/02601/NONMAT,Amendment,Small,Rejected,2026-08-26,2026-09-02,34 Longfurlong Lane Tetbury Gloucestershire GL8 8TJ,Non-Material Amendment (design) of permission 26/00720/FUL - Demolition of existing garden store and construction of a detached games room,Carl Challinor,https://www.planit.org.uk/planapplic/Cotswold/26/02601/NONMAT/,https://publicaccess.cotswold.gov.uk/online-applications/applicationDetails.do?keyVal=TKDWJXFILQF00&activeTab=summary,demolition
2,101.4,High Peak,CON/2026/0085,Heritage,Small,Undecided,2026-09-03,,"53 , Fidlers Close , Bamford , Derbyshire , S33 0BZ","Consultation request from PDNP Application Number: NP/HPK/0926/0861 Location: 53 Fidlers Close, Bamford, Proposal: Replace timber windows and timber doors.",,https://www.planit.org.uk/planapplic/HighPeak/CON/2026/0085/,http://planning.highpeak.gov.uk/portal/servlets/ApplicationSearchServlet?PKID=272097,demolition
2,102.9,Peak District,NP/CEC/0826/0847,Heritage,Small,Undecided,2026-09-01,,Cophurst Shrigley Road Pott Shrigley,Listed Building consent - Proposed remedial works intended to arrest internal timber deterioration in the roof.,See source,https://www.planit.org.uk/planapplic/PeakDistrict/NP/CEC/0826/0847/,https://planning.peakdistrict.gov.uk/AssureLive/ES/Presentation/Planning/OnlinePlanning/OnlinePlanningOverview?applicationNumber=NP%2FCEC%2F0826%2F0847,remediation
2,104.4,Monmouthshire,DM/2026/01013,Full,Small,Undecided,2026-08-17,,Steppes Cottage Bryngwyn Road Jingle Street Wonastow Monmouthshire NP25 4DL,Minor change of land levels (terracing) at rear of cottage to provide for remedial works to stop water ingress into dwelling and prevent land slippage - retrospective,,https://www.planit.org.uk/planapplic/Monmouthshire/DM/2026/01013/,https://planningonline.monmouthshire.gov.uk/online-applications/applicationDetails.do?activeTab=summary&keyVal=TJWPEDKYG8F00,remediation
1,63.6,West Oxfordshire,26/01639/TCA,Trees,Small,Permitted,2026-07-07,2026-07-21,Charlbury Primary School Crawborough Charlbury Chipping Norton Oxfordshire OX7 3TX,"The tree survey provided details the remedial work from the most recent tree survey, along with a tree location plan.",Arbor tree specialists,https://www.planit.org.uk/planapplic/WestOxfordshire/26/01639/TCA/,https://publicaccess.westoxon.gov.uk/online-applications/applicationDetails.do?keyVal=THSMBVRKFHB00&activeTab=summary,remediation
1,66.5,Cheltenham,26/01188/LBC,Heritage,Small,,2026-07-24,,Cheltenham Dental Spa And Implant Clinic Ground Floor 1 Royal Crescent Cheltenham Gloucestershire GL50 3DA,Remedial works to a small number of the internal doors.,Border Consultancy,https://www.planit.org.uk/planapplic/Cheltenham/26/01188/LBC/,https://publicaccess.cheltenham.gov.uk/online-applications/applicationDetails.do?keyVal=TIOELGELLDP00&activeTab=summary,remediation
1,71.8,West Oxfordshire,26/01109/NMA,Amendment,Small,Permitted,2026-05-06,2026-06-03,Land At Former Home Close Farm Shilton Road Burford Oxfordshire,"Solar park and energy storage facility together with associated works, equipment and necessary infrastructure (non-material amendment to allow amendments to the timescales set out in the approved Precautionary Working Method Statement (PWMS) and Biodiversity Management and Monitoring Plan (BMMP).",,https://www.planit.org.uk/planapplic/WestOxfordshire/26/01109/NMA/,https://publicaccess.westoxon.gov.uk/online-applications/applicationDetails.do?keyVal=TEM9KQRKMA700&activeTab=summary,materials management plan
1,73.4,Cherwell,26/01590/NMA,Amendment,Small,Permitted,2026-06-24,2026-08-17,Gosford Hill School Oxford Road Kidlington OX5 2NT,Alter the wording of Condition 2 (approved documents) and Condition 20 (highway mitigation measures) to reflect an updated Construction Environment Management Plan and change the highways improvement works phasing. (proposed as non material amendment to 24/02363/F),See source,https://www.planit.org.uk/planapplic/Cherwell/26/01590/NMA/,https://planningregister.cherwell.gov.uk/Planning/Display/26/01590/NMA,materials management plan
1,74.5,Gloucester,26/00550/DCC,Other,Small,Permitted,2026-06-22,2026-08-06,6 - 8 Barnwood Road Gloucester GL2 0RX,"Discharge of conditions 3(Cycle Storage), 6(Materials), 7(Occupancy), 8(Hedgehogs), 9(Waste Management), 10(Bat Safeguarding), 11(Protection of Species), 12(External Lighting), 13(Nesting Birds), 14(BGP), 15(Planting), 16(CEMP) & 17 (Tree Protection) relation to planning consent 25/0065/GLREG3 dated 19/03/2026.",,https://www.planit.org.uk/planapplic/Gloucester/26/00550/DCC/,https://publicaccess.gloucester.gov.uk/online-applications/applicationDetails.do?keyVal=TH2UHLHM0L600&activeTab=summary,materials management plan
1,78.7,Herefordshire,P261354/AM,Amendment,Small,Rejected,2026-05-08,2026-06-11,Willow Cottage Marden Hereford Herefordshire HR1 3HB,"Non-material amendment to planning permission 251063 (Proposed erection of a replacement self-build dwelling together with ancillary development) - to amend condition 6 to read ""That the foul water flowsfrom the development permitted shall discharge to the existing septic tank as shown on drawing 2332 Anthony - BR3 and all surface water managed by onsite Sustainable Drainage System. The foul and surface water management shall hereafter be managed and maintained as approved""",,https://www.planit.org.uk/planapplic/Hereford/P261354/AM/,https://www.herefordshire.gov.uk/info/200142/planning_services/planning_application_search/details?id=261354,materials management plan
